state,state_fips,fips,county,NAME,season,season_start_year,total_cases,flu_rate_per_100k,peak_week_cases,peak_rate_per_100k,weeks_active,time_to_peak,outbreak_steepness,pct_type_a,pop_density_per_sqmi,median_age,pct_elderly,avg_household_size,median_income,poverty_rate,unemployment_rate,public_transport_pct,pct_bachelors_plus,pct_non_white,pct_foreign_born,pop_total,pop_elderly,pop_below_poverty,labour_force,unemployed,total_commuters,public_transport_commuters,pop_white,pop_foreign_born,pop_bachelors_plus,land_area_sqmi,outbreak
NY,36,36001,ALBANY,"Albany County, New York",2024-2025,2024,3955.0,1255.4,447.0,141.9,33.0,18.0,24.83,84.8,602.5,38.1,17.51,2.25,78829,11.94,5.25,4.62,29.87,27.9,11.41,315041,55160,37608,169862,8915,157506,7274,227136,35961,94093,522.888,0
NY,36,36003,ALLEGANY,"Allegany County, New York",2024-2025,2024,946.0,2003.3,95.0,201.2,25.0,20.0,4.75,84.2,45.87,38.9,19.33,2.53,58725,15.32,7.31,0.2,15.55,5.61,1.74,47222,9128,7236,21140,1545,18985,38,44575,821,7343,1029.435,0
NY,36,36005,BRONX,"Bronx County, New York",2024-2025,2024,48654.0,3371.2,5434.0,376.5,33.0,16.0,339.62,75.4,34219.2,35.0,13.28,2.64,47036,26.32,11.2,54.94,13.88,82.07,33.94,1443229,191647,379925,657051,73599,564284,309995,258727,489783,200268,42.176,1
NY,36,36007,BROOME,"Broome County, New York",2024-2025,2024,3897.0,1964.6,409.0,206.2,32.0,19.0,21.53,90.8,281.11,39.7,19.74,2.31,58317,18.14,6.94,3.08,19.73,17.39,7.6,198365,39154,35991,93816,6514,84789,2615,163872,15084,39139,705.651,0
NY,36,36009,CATTARAUGUS,"Cattaraugus County, New York",2024-2025,2024,712.0,924.7,80.0,103.9,25.0,20.0,4.0,86.9,58.86,42.5,19.94,2.36,56889,16.9,5.4,0.45,13.94,10.01,1.57,77000,15353,13016,35118,1897,32488,146,69289,1206,10732,1308.163,0
NY,36,36011,CAYUGA,"Cayuga County, New York",2024-2025,2024,1373.0,1802.5,172.0,225.8,27.0,20.0,8.6,86.7,110.14,43.4,20.05,2.34,63227,12.79,4.26,0.63,16.7,10.41,2.33,76171,15272,9744,36289,1545,34081,214,68242,1775,12723,691.587,0
NY,36,36013,CHAUTAUQUA,"Chautauqua County, New York",2024-2025,2024,1566.0,1228.8,197.0,154.6,28.0,20.0,9.85,92.8,120.18,42.8,20.81,2.29,54625,16.88,5.42,0.46,17.04,11.2,2.43,127440,26525,21513,58337,3161,53861,246,113168,3096,21716,1060.41,0
NY,36,36015,CHEMUNG,"Chemung County, New York",2024-2025,2024,2304.0,2756.5,187.0,223.7,32.0,17.0,11.0,84.7,205.2,41.7,19.59,2.29,61358,14.5,6.33,1.25,17.32,14.06,3.49,83584,16376,12118,39143,2479,35625,444,71833,2920,14476,407.333,1
NY,36,36017,CHENANGO,"Chenango County, New York",2024-2025,2024,1229.0,2609.6,128.0,271.8,33.0,16.0,8.0,90.8,52.71,44.9,21.32,2.33,61741,12.2,7.1,0.05,13.17,5.66,2.23,47096,10043,5747,22858,1624,20856,11,44432,1052,6204,893.443,0
NY,36,36019,CLINTON,"Clinton County, New York",2024-2025,2024,1230.0,1540.6,144.0,180.4,28.0,20.0,7.2,79.3,76.93,40.9,17.84,2.24,67097,12.01,4.66,0.17,18.8,9.7,4.87,79839,14244,9586,37687,1755,35098,58,72093,3885,15013,1037.751,0
NY,36,36021,COLUMBIA,"Columbia County, New York",2024-2025,2024,821.0,1335.6,107.0,174.1,23.0,20.0,5.35,90.4,96.85,49.3,24.77,2.34,81741,10.02,5.93,2.63,28.01,13.96,6.68,61469,15226,6157,31440,1865,29002,764,52887,4105,17216,634.663,0
NY,36,36023,CORTLAND,"Cortland County, New York",2024-2025,2024,1460.0,3122.7,166.0,355.0,30.0,20.0,8.3,88.1,93.74,36.3,16.5,2.33,65029,11.92,5.36,0.98,17.43,8.5,2.44,46755,7714,5575,24605,1320,22643,221,42782,1141,8150,498.774,1
NY,36,36025,DELAWARE,"Delaware County, New York",2024-2025,2024,1254.0,2809.3,125.0,280.0,27.0,20.0,6.25,80.8,30.94,48.9,25.2,2.26,58338,14.1,6.11,0.99,18.57,7.63,4.14,44637,11250,6295,20500,1253,18859,187,41231,1847,8288,1442.596,1
NY,36,36027,DUTCHESS,"Dutchess County, New York",2024-2025,2024,8645.0,2916.0,908.0,306.3,33.0,17.0,53.41,74.9,372.63,42.9,18.4,2.45,94578,8.15,4.97,4.22,27.73,26.72,11.14,296467,54548,24165,155858,7749,145279,6125,217242,33016,82207,795.602,1
NY,36,36029,ERIE,"Erie County, New York",2024-2025,2024,12745.0,1339.8,1052.0,110.6,33.0,20.0,52.6,81.5,912.25,40.1,18.47,2.28,68014,13.42,4.95,3.01,25.68,24.62,7.36,951232,175697,127623,490302,24274,455254,13708,717085,70049,244270,1042.732,0
NY,36,36031,ESSEX,"Essex County, New York",2024-2025,2024,605.0,1621.4,81.0,217.1,25.0,20.0,4.05,76.0,20.8,49.2,24.83,2.23,68090,9.84,5.07,0.51,24.17,6.86,4.07,37314,9264,3670,18218,924,16875,86,34753,1517,9020,1794.122,0
NY,36,36033,FRANKLIN,"Franklin County, New York",2024-2025,2024,884.0,1862.7,106.0,223.4,27.0,18.0,5.89,95.0,29.13,41.9,18.44,2.28,60270,16.26,5.15,1.35,15.79,16.02,3.89,47459,8753,7719,20370,1049,18873,255,39855,1848,7493,1629.296,0
NY,36,36035,FULTON,"Fulton County, New York",2024-2025,2024,989.0,1856.2,94.0,176.4,32.0,20.0,4.7,82.5,107.54,44.2,20.15,2.35,60557,13.66,4.31,0.49,14.03,8.95,2.03,53280,10737,7280,25421,1095,23844,116,48512,1081,7473,495.46,0
NY,36,36037,GENESEE,"Genesee County, New York",2024-2025,2024,1221.0,2097.8,136.0,233.7,26.0,20.0,6.8,78.5,118.08,42.7,19.47,2.34,68178,10.26,4.73,0.12,16.64,9.02,2.61,58204,11331,5974,30326,1433,28247,34,52954,1517,9683,492.939,0
NY,36,36039,GREENE,"Greene County, New York",2024-2025,2024,749.0,1558.2,114.0,237.2,28.0,19.0,6.0,83.4,74.27,47.0,23.16,2.52,70294,9.81,2.8,1.38,20.91,13.8,5.58,48067,11132,4713,22539,630,21390,295,41433,2682,10050,647.161,0
NY,36,36041,HAMILTON,"Hamilton County, New York",2024-2025,2024,56.0,1100.2,10.0,196.5,15.0,16.0,0.62,67.9,2.96,56.4,32.0,2.83,66891,10.63,4.91,0.49,18.84,7.54,1.71,5090,1629,541,2342,115,2223,11,4706,87,959,1717.378,0
NY,36,36043,HERKIMER,"Herkimer County, New York",2024-2025,2024,1327.0,2200.9,148.0,245.5,31.0,18.0,8.22,90.1,42.74,44.3,21.32,2.39,68104,11.84,4.16,0.21,15.95,6.61,2.54,60293,12856,7140,29422,1224,27448,59,56310,1532,9619,1410.586,0
NY,36,36045,JEFFERSON,"Jefferson County, New York",2024-2025,2024,3226.0,2746.8,282.0,240.1,33.0,19.0,14.84,82.5,92.63,32.8,14.19,2.44,62782,12.18,6.41,0.52,16.02,15.84,4.71,117445,16666,14310,47050,3017,54156,280,98846,5533,18809,1267.916,1
NY,36,36047,KINGS,"Kings County, New York",2024-2025,2024,63995.0,2388.2,6888.0,257.1,33.0,17.0,405.18,71.9,38624.04,35.9,14.5,2.64,74692,18.79,7.27,50.72,28.05,59.62,35.28,2679620,388584,503524,1359468,98832,1222797,620228,1082004,945466,751724,69.377,0
NY,36,36049,LEWIS,"Lewis County, New York",2024-2025,2024,719.0,2693.9,108.0,404.6,28.0,18.0,6.0,95.8,20.91,42.0,19.59,2.46,64401,12.96,5.16,1.07,13.3,4.73,1.11,26690,5229,3459,12517,646,11676,125,25428,295,3550,1276.462,0
NY,36,36051,LIVINGSTON,"Livingston County, New York",2024-2025,2024,1510.0,2436.3,202.0,325.9,31.0,20.0,10.1,77.4,98.11,41.7,18.89,2.35,70443,10.76,4.67,0.62,19.91,8.75,3.02,61980,11710,6667,30341,1418,28236,175,56557,1874,12342,631.762,0
NY,36,36053,MADISON,"Madison County, New York",2024-2025,2024,1313.0,1930.3,118.0,173.5,33.0,20.0,5.9,81.5,103.87,42.5,19.15,2.48,68869,8.76,4.06,0.33,18.24,8.12,2.87,68020,13025,5961,32851,1333,30850,102,62497,1951,12407,654.85,0
NY,36,36055,MONROE,"Monroe County, New York",2024-2025,2024,18801.0,2485.6,2207.0,291.8,33.0,20.0,110.35,78.8,1151.4,39.3,17.91,2.32,71450,13.02,5.27,1.98,28.13,27.75,8.25,756406,135497,98468,394049,20782,365663,7224,546529,62376,212814,656.944,0
NY,36,36057,MONTGOMERY,"Montgomery County, New York",2024-2025,2024,1089.0,2194.5,114.0,229.7,28.0,19.0,6.0,88.6,123.1,40.6,18.84,2.56,58033,14.88,5.91,0.25,13.67,17.12,3.12,49624,9349,7383,23465,1386,21665,55,41127,1547,6785,403.111,0
NY,36,36059,NASSAU,"Nassau County, New York",2024-2025,2024,56447.0,4063.4,6047.0,435.3,33.0,16.0,377.94,68.4,4882.09,41.7,18.03,3.01,137709,5.31,4.65,13.64,33.67,37.99,22.79,1389160,250475,73765,739080,34340,689613,94070,861432,316531,467753,284.542,1
NY,36,36061,NEW YORK,"New York County, New York",2024-2025,2024,36222.0,2200.8,3839.0,233.3,33.0,18.0,213.28,77.1,72639.55,38.5,17.27,2.04,99880,15.35,6.77,47.82,48.33,48.78,28.11,1645867,284256,252677,953371,64535,870794,416374,842952,462627,795444,22.658,0
NY,36,36063,NIAGARA,"Niagara County, New York",2024-2025,2024,3236.0,1524.8,334.0,157.4,32.0,23.0,14.52,85.0,406.3,43.1,19.74,2.29,65882,12.74,5.78,0.95,19.43,15.09,3.95,212230,41892,27046,106552,6155,98566,941,180212,8374,41237,522.353,0
NY,36,36065,ONEIDA,"Oneida County, New York",2024-2025,2024,4955.0,2144.5,499.0,216.0,33.0,20.0,24.95,84.2,190.57,40.9,19.17,2.36,66402,13.79,4.43,1.5,18.9,17.26,8.71,231055,44289,31854,107636,4771,100408,1502,191180,20123,43677,1212.443,0
NY,36,36067,ONONDAGA,"Onondaga County, New York",2024-2025,2024,9895.0,2093.6,1053.0,222.8,33.0,18.0,58.5,88.4,607.2,39.4,17.85,2.35,71479,13.34,5.65,2.37,25.36,23.28,7.9,472637,84343,63066,239433,13526,222274,5263,362589,37354,119853,778.393,0
NY,36,36069,ONTARIO,"Ontario County, New York",2024-2025,2024,2878.0,2563.1,394.0,350.9,28.0,19.0,20.74,79.8,174.34,43.8,21.03,2.3,76603,8.73,3.96,0.46,26.53,9.6,3.93,112288,23610,9803,57588,2278,54283,250,101505,4413,29794,644.075,0
NY,36,36071,ORANGE,"Orange County, New York",2024-2025,2024,13379.0,3334.4,1639.0,408.5,33.0,17.0,96.41,77.0,494.09,36.8,14.14,2.89,91806,12.73,5.35,4.66,20.17,32.83,12.23,401237,56715,51059,194320,10387,183472,8545,269528,49076,80915,812.078,1
NY,36,36073,ORLEANS,"Orleans County, New York",2024-2025,2024,909.0,2264.1,90.0,224.2,26.0,23.0,3.91,72.5,102.61,43.2,18.29,2.33,61069,11.96,6.08,0.39,13.0,12.78,2.91,40148,7343,4801,18969,1153,17535,69,35018,1170,5221,391.262,0
NY,36,36075,OSWEGO,"Oswego County, New York",2024-2025,2024,2753.0,2332.3,302.0,255.9,30.0,20.0,15.1,92.8,124.04,40.3,17.07,2.4,65054,16.37,7.35,0.76,14.58,6.77,2.06,118037,20150,19320,58807,4321,53261,406,110043,2430,17209,951.601,0
NY,36,36077,OTSEGO,"Otsego County, New York",2024-2025,2024,1305.0,2186.7,128.0,214.5,31.0,19.0,6.74,78.2,59.57,40.8,21.15,2.42,65778,11.88,4.96,0.64,22.22,8.88,3.84,59678,12622,7090,28757,1426,26908,172,54377,2289,13260,1001.738,0
NY,36,36079,PUTNAM,"Putnam County, New York",2024-2025,2024,4243.0,4332.2,449.0,458.4,33.0,18.0,24.94,68.7,425.37,44.1,18.28,2.73,120970,6.26,4.42,6.55,30.92,19.9,14.11,97942,17900,6129,52532,2322,49087,3217,78451,13815,30285,230.252,1
NY,36,36081,QUEENS,"Queens County, New York",2024-2025,2024,65736.0,2784.4,7046.0,298.5,33.0,17.0,414.47,71.1,21713.94,39.9,16.49,2.85,82431,11.56,7.02,43.73,25.18,69.48,47.14,2360826,389399,272926,1236423,86855,1112766,486661,720630,1112847,594463,108.724,1
NY,36,36083,RENSSELAER,"Rensselaer County, New York",2024-2025,2024,1986.0,1234.0,212.0,131.7,33.0,20.0,10.6,83.8,246.67,40.0,17.63,2.34,83734,11.05,5.59,2.5,24.91,17.34,5.72,160943,28382,17789,85799,4795,78978,1974,133037,9200,40094,652.459,0
NY,36,36085,RICHMOND,"Richmond County, New York",2024-2025,2024,13613.0,2761.7,1160.0,235.3,33.0,17.0,68.24,68.3,8569.18,40.3,16.59,2.86,96185,10.26,5.43,25.12,24.7,33.8,24.84,492925,81753,50556,239189,12999,221119,55556,326334,122426,121775,57.523,1
NY,36,36087,ROCKLAND,"Rockland County, New York",2024-2025,2024,11766.0,3488.0,1451.0,430.1,33.0,17.0,85.35,72.4,1942.17,35.3,15.64,3.22,106173,14.88,6.22,5.62,26.25,33.04,20.69,337326,52753,50181,158193,9844,144661,8124,225889,69800,88553,173.685,1
NY,36,36089,ST LAWRENCE,"St. Lawrence County, New York",2024-2025,2024,1327.0,1221.1,142.0,130.7,27.0,16.0,8.88,93.7,40.56,38.8,18.01,2.37,58339,15.34,6.27,0.2,15.44,7.64,3.64,108670,19575,16674,47737,2995,43767,87,100370,3958,16784,2679.395,0
NY,36,36091,SARATOGA,"Saratoga County, New York",2024-2025,2024,3865.0,1635.4,439.0,185.8,33.0,18.0,24.39,74.6,291.77,43.3,18.94,2.36,97038,6.45,3.54,0.66,31.37,9.74,5.55,236328,44772,15248,129547,4588,123295,816,213299,13119,74144,809.97,0
NY,36,36093,SCHENECTADY,"Schenectady County, New York",2024-2025,2024,2638.0,1654.5,270.0,169.3,32.0,19.0,14.21,78.3,779.05,39.7,17.47,2.42,75056,11.3,5.98,3.93,23.55,28.03,10.06,159447,27851,18013,81224,4857,75018,2950,114752,16034,37556,204.669,0
NY,36,36095,SCHOHARIE,"Schoharie County, New York",2024-2025,2024,490.0,1635.0,81.0,270.3,23.0,23.0,3.52,82.9,48.2,45.7,23.04,2.33,71479,9.69,5.29,0.38,17.91,8.84,3.09,29970,6905,2904,14703,778,13550,52,27321,927,5369,621.819,0
NY,36,36097,SCHUYLER,"Schuyler County, New York",2024-2025,2024,385.0,2156.3,39.0,218.4,26.0,14.0,2.79,87.3,54.38,47.3,22.06,2.36,61316,15.58,5.67,0.19,18.21,5.67,1.83,17855,3939,2781,8682,492,7982,15,16843,326,3252,328.343,0
NY,36,36099,SENECA,"Seneca County, New York",2024-2025,2024,589.0,1750.3,63.0,187.2,27.0,20.0,3.15,75.0,103.96,43.0,20.17,2.3,64050,12.31,4.51,0.38,16.06,10.45,2.36,33651,6788,4144,15625,705,14480,55,30133,795,5404,323.698,0
NY,36,36101,STEUBEN,"Steuben County, New York",2024-2025,2024,2324.0,2483.3,232.0,247.9,28.0,18.0,12.89,90.3,67.3,42.8,19.97,2.35,62506,13.24,6.31,0.4,18.37,6.94,3.29,93584,18690,12388,44987,2838,41256,166,87093,3075,17190,1390.508,0
NY,36,36103,SUFFOLK,"Suffolk County, New York",2024-2025,2024,57012.0,3739.8,6337.0,415.7,33.0,18.0,352.06,72.3,1673.56,41.7,17.28,2.93,122498,6.38,4.76,5.3,27.32,27.07,15.98,1524486,263382,97307,820921,39103,765877,40556,1111855,243555,416452,910.922,1
NY,36,36105,SULLIVAN,"Sullivan County, New York",2024-2025,2024,2834.0,3599.9,355.0,450.9,33.0,18.0,19.72,83.2,81.32,41.9,18.93,2.47,67841,14.24,7.2,1.1,19.6,25.36,10.51,78725,14901,11211,37147,2673,33267,366,58757,8276,15427,968.145,1
NY,36,36107,TIOGA,"Tioga County, New York",2024-2025,2024,1124.0,2325.0,105.0,217.2,30.0,20.0,5.25,92.0,93.19,44.7,20.85,2.35,70427,10.03,5.59,0.24,18.91,5.55,2.01,48344,10080,4848,24068,1346,22405,53,45662,973,9144,518.767,0
NY,36,36109,TOMPKINS,"Tompkins County, New York",2024-2025,2024,1534.0,1495.8,123.0,119.9,33.0,18.0,6.83,82.3,216.07,32.6,15.68,2.06,69995,13.88,4.69,6.05,34.28,21.82,12.96,102555,16079,14232,51844,2429,48267,2921,80182,13296,35157,474.642,0
NY,36,36111,ULSTER,"Ulster County, New York",2024-2025,2024,3736.0,2051.0,418.0,229.5,33.0,18.0,23.22,77.2,162.02,44.2,20.46,2.34,77197,14.13,5.05,2.29,26.2,21.78,7.76,182153,37270,25740,91097,4604,83839,1918,142478,14143,47719,1124.236,0
NY,36,36113,WARREN,"Warren County, New York",2024-2025,2024,904.0,1376.3,113.0,172.0,31.0,18.0,6.28,77.9,75.74,46.7,23.03,2.17,74531,8.54,4.2,0.73,25.39,6.56,3.47,65684,15130,5607,33283,1399,31577,231,61373,2282,16678,867.222,0
NY,36,36115,WASHINGTON,"Washington County, New York",2024-2025,2024,1102.0,1797.4,127.0,207.1,31.0,18.0,7.06,74.8,73.76,44.6,20.41,2.41,68703,10.83,5.13,0.38,15.6,7.94,2.84,61310,12515,6641,30163,1546,27765,106,56445,1742,9565,831.19,0
NY,36,36117,WAYNE,"Wayne County, New York",2024-2025,2024,2874.0,3147.0,362.0,396.4,33.0,20.0,18.1,74.8,151.24,43.6,19.72,2.37,71007,10.9,4.29,0.28,17.86,10.22,2.63,91324,18006,9958,45807,1964,42736,119,81988,2404,16308,603.83,1
NY,36,36119,WESTCHESTER,"Westchester County, New York",2024-2025,2024,42522.0,4261.1,4331.0,434.0,33.0,18.0,240.61,70.2,2316.31,41.3,17.48,2.64,114651,8.36,6.04,18.6,36.05,42.69,25.58,997904,174395,83412,528032,31868,485163,90262,571908,255236,359764,430.817,1
NY,36,36121,WYOMING,"Wyoming County, New York",2024-2025,2024,652.0,1616.3,63.0,156.2,28.0,21.0,3.0,79.0,68.05,42.9,19.13,2.34,65066,10.01,4.08,0.63,13.33,10.19,2.19,40338,7716,4037,18869,769,17810,113,36228,883,5378,592.752,0
NY,36,36123,YATES,"Yates County, New York",2024-2025,2024,514.0,2079.9,71.0,287.3,21.0,20.0,3.55,88.7,73.09,41.7,21.48,2.64,63974,13.54,3.23,0.02,16.29,4.17,1.58,24713,5309,3347,11168,361,10662,2,23683,390,4025,338.139,0
PA,42,42063,INDIANA,"Indiana County, Pennsylvania",2025-2026,2025,442.0,530.0,,,,,,,100.79,39.6,19.74,2.41,57170,12.11,6.46,0.24,17.09,6.89,1.82,83394,16461,10100,39030,2522,35567,86,77644,1519,14253,827.405,0
PA,42,42011,BERKS,"Berks County, Pennsylvania",2025-2026,2025,3847.0,897.8,,,,,,,500.33,39.9,17.54,2.58,74617,11.46,5.38,1.21,18.29,24.64,8.13,428483,75145,49115,223434,12012,206685,2499,322910,34825,78363,856.403,0
PA,42,42117,TIOGA,"Tioga County, Pennsylvania",2025-2026,2025,725.0,1760.3,,,,,,,36.32,45.0,22.63,2.44,59707,11.96,4.51,0.5,15.26,3.73,1.46,41186,9322,4926,19405,876,18275,92,39649,602,6285,1133.892,1
PA,42,42071,LANCASTER,"Lancaster County, Pennsylvania",2025-2026,2025,7893.0,1426.8,,,,,,,586.07,39.0,18.81,2.58,81458,7.99,3.38,0.81,20.68,15.58,5.5,553202,104082,44195,289582,9783,274411,2222,466989,30408,114403,943.924,0
PA,42,42019,BUTLER,"Butler County, Pennsylvania",2025-2026,2025,1624.0,834.7,,,,,,,246.44,43.4,19.65,2.38,82932,7.67,4.65,0.42,27.5,5.55,2.25,194562,38240,14930,101332,4715,94590,394,183767,4381,53500,789.486,0
PA,42,42119,UNION,"Union County, Pennsylvania",2025-2026,2025,417.0,971.8,,,,,,,135.8,39.7,18.97,2.41,64914,8.7,3.46,0.27,16.96,11.2,3.08,42908,8138,3731,17480,604,16432,44,38101,1323,7277,315.955,0
PA,42,42099,PERRY,"Perry County, Pennsylvania",2025-2026,2025,444.0,966.5,,,,,,,83.31,43.7,19.37,2.51,76103,8.08,3.39,0.19,13.15,4.87,1.21,45941,8901,3712,23130,784,22091,42,43702,554,6041,551.449,0
PA,42,42061,HUNTINGDON,"Huntingdon County, Pennsylvania",2025-2026,2025,687.0,1557.0,,,,,,,50.45,43.6,21.17,2.48,61300,10.02,5.09,0.12,13.09,9.46,1.02,44123,9342,4419,19316,984,18037,21,39949,449,5776,874.592,1
PA,42,42027,CENTRE,"Centre County, Pennsylvania",2025-2026,2025,2365.0,1490.6,,,,,,,143.3,33.3,15.07,2.39,70087,14.95,3.97,4.04,28.3,14.2,8.33,158665,23904,23717,77754,3084,73011,2953,136130,13219,44903,1107.259,0
PA,42,42113,SULLIVAN,"Sullivan County, Pennsylvania",2025-2026,2025,50.0,850.3,,,,,,,13.07,55.0,29.29,2.24,62910,11.72,5.52,0.08,15.61,5.71,1.72,5880,1722,689,2697,149,2507,2,5544,101,918,449.939,0
PA,42,42049,ERIE,"Erie County, Pennsylvania",2025-2026,2025,5128.0,1895.8,,,,,,,338.58,39.9,18.75,2.35,59396,14.66,5.47,1.4,20.41,15.86,4.38,270495,50712,39662,131589,7201,122518,1720,227590,11854,55198,798.901,1
PA,42,42091,MONTGOMERY,"Montgomery County, Pennsylvania",2025-2026,2025,6099.0,712.2,,,,,,,1773.19,41.2,18.15,2.53,107441,6.11,4.53,3.37,36.23,24.08,10.94,856399,155467,52365,472913,21418,443958,14973,650218,93717,310252,482.971,0
PA,42,42093,MONTOUR,"Montour County, Pennsylvania",2025-2026,2025,317.0,1745.1,,,,,,,139.38,43.2,20.99,2.28,72626,8.31,2.4,0.09,26.63,8.6,5.06,18165,3813,1510,8925,214,8683,8,16602,919,4837,130.331,1
PA,42,42043,DAUPHIN,"Dauphin County, Pennsylvania",2025-2026,2025,3549.0,1240.4,,,,,,,545.1,39.4,17.45,2.37,71046,11.97,4.32,1.5,23.08,33.48,8.68,286108,49936,34256,149867,6473,142055,2126,190327,24838,66041,524.87,0
PA,42,42065,JEFFERSON,"Jefferson County, Pennsylvania",2025-2026,2025,172.0,388.0,,,,,,,67.94,43.7,21.33,2.42,56607,13.84,5.37,0.59,12.1,3.18,0.45,44326,9454,6133,21052,1131,19578,116,42916,201,5364,652.439,0
PA,42,42041,CUMBERLAND,"Cumberland County, Pennsylvania",2025-2026,2025,4515.0,1728.1,,,,,,,478.97,40.3,18.66,2.38,82849,7.35,3.68,0.43,26.93,15.35,6.69,261269,48759,19199,136815,5038,128792,556,221159,17467,70365,545.482,1
PA,42,42045,DELAWARE,"Delaware County, Pennsylvania",2025-2026,2025,5138.0,893.1,,,,,,,3129.91,39.0,16.75,2.56,86390,9.31,6.79,7.44,27.83,34.27,10.76,575312,96358,53557,306479,20807,279844,20832,378134,61915,160088,183.811,0
PA,42,42053,FOREST,"Forest County, Pennsylvania",2025-2026,2025,15.0,215.5,,,,,,,16.29,46.2,22.89,2.49,46188,12.66,4.29,0.0,9.51,28.41,3.25,6959,1593,881,1703,73,1589,0,4982,226,662,427.259,0
PA,42,42079,LUZERNE,"Luzerne County, Pennsylvania",2025-2026,2025,4587.0,1409.7,,,,,,,365.66,42.2,19.84,2.37,60836,14.39,5.86,0.8,17.44,19.42,8.3,325396,64551,46812,163259,9567,150800,1206,262196,26992,56755,889.876,0
PA,42,42039,CRAWFORD,"Crawford County, Pennsylvania",2025-2026,2025,1227.0,1462.9,,,,,,,82.85,43.6,21.56,2.42,58734,12.17,5.64,0.64,14.46,5.82,1.27,83876,18081,10204,38288,2159,35404,227,78993,1068,12132,1012.355,0
PA,42,42025,CARBON,"Carbon County, Pennsylvania",2025-2026,2025,1282.0,1971.8,,,,,,,170.51,46.3,21.58,2.41,64538,11.61,6.92,0.27,13.55,8.25,3.55,65018,14034,7551,33061,2287,29552,79,59656,2309,8810,381.324,1
PA,42,42029,CHESTER,"Chester County, Pennsylvania",2025-2026,2025,6208.0,1157.2,,,,,,,714.78,40.7,16.97,2.6,118574,5.81,3.96,1.62,38.44,19.54,9.66,536474,91051,31170,294627,11679,278038,4514,431632,51838,206208,750.546,0
PA,42,42055,FRANKLIN,"Franklin County, Pennsylvania",2025-2026,2025,1386.0,888.0,,,,,,,202.1,42.2,19.8,2.46,71808,8.88,3.42,0.22,16.21,10.64,3.71,156084,30901,13857,78537,2687,74492,165,139482,5793,25297,772.299,0
PA,42,42125,WASHINGTON,"Washington County, Pennsylvania",2025-2026,2025,1243.0,592.9,,,,,,,244.61,44.2,21.2,2.34,74403,9.25,5.02,0.98,23.37,8.61,2.06,209631,44435,19392,107548,5400,100001,977,191587,4328,48994,857.01,0
PA,42,42073,LAWRENCE,"Lawrence County, Pennsylvania",2025-2026,2025,504.0,586.7,,,,,,,240.38,45.0,22.53,2.33,57585,12.02,6.78,0.56,15.85,8.69,1.41,85907,19351,10322,41713,2827,38089,215,78443,1208,13617,357.373,0
PA,42,42067,JUNIATA,"Juniata County, Pennsylvania",2025-2026,2025,180.0,764.8,,,,,,,60.13,42.7,20.56,2.63,61915,8.85,3.13,0.13,10.05,5.86,2.5,23535,4839,2082,11271,353,10838,14,22155,589,2365,391.391,0
PA,42,42035,CLINTON,"Clinton County, Pennsylvania",2025-2026,2025,391.0,1032.8,,,,,,,42.56,39.8,19.31,2.44,59011,12.6,5.35,0.35,13.4,5.06,1.51,37860,7311,4771,18617,996,17268,61,35945,570,5075,889.63,0
PA,42,42001,ADAMS,"Adams County, Pennsylvania",2025-2026,2025,1217.0,1163.4,,,,,,,201.67,43.8,20.89,2.51,78975,7.56,3.4,0.22,17.14,8.46,3.38,104604,21851,7909,53817,1832,50568,113,95750,3535,17928,518.69,0
PA,42,42129,WESTMORELAND,"Westmoreland County, Pennsylvania",2025-2026,2025,3213.0,906.6,,,,,,,344.86,47.2,23.38,2.26,69454,9.53,4.96,0.82,23.2,6.96,1.66,354414,82872,33778,180574,8962,169014,1386,329734,5889,82216,1027.712,0
PA,42,42109,SNYDER,"Snyder County, Pennsylvania",2025-2026,2025,459.0,1153.4,,,,,,,121.04,40.0,19.83,2.57,65914,7.79,2.18,0.3,14.03,4.54,1.12,39797,7891,3101,19864,434,19142,57,37992,446,5584,328.784,0
PA,42,42015,BRADFORD,"Bradford County, Pennsylvania",2025-2026,2025,1325.0,2202.5,,,,,,,52.43,43.9,21.74,2.44,60650,12.98,4.79,0.11,14.16,4.55,1.96,60159,13080,7809,27268,1307,25435,28,57419,1178,8520,1147.376,1
PA,42,42021,CAMBRIA,"Cambria County, Pennsylvania",2025-2026,2025,3571.0,2679.7,,,,,,,193.83,45.6,23.12,2.28,54221,13.69,4.95,0.98,16.31,7.78,1.03,133263,30817,18240,60714,3007,56653,553,122895,1372,21729,687.51,1
PA,42,42023,CAMERON,"Cameron County, Pennsylvania",2025-2026,2025,37.0,815.7,,,,,,,11.45,51.8,27.98,2.03,46186,14.86,7.13,0.0,8.33,4.96,0.73,4536,1269,674,1949,139,1777,0,4311,33,378,396.233,0
PA,42,42005,ARMSTRONG,"Armstrong County, Pennsylvania",2025-2026,2025,495.0,755.3,,,,,,,100.32,47.0,22.88,2.33,61011,10.26,5.08,0.3,13.79,3.7,0.61,65538,14993,6725,31799,1614,29788,88,63113,401,9035,653.321,0
PA,42,42009,BEDFORD,"Bedford County, Pennsylvania",2025-2026,2025,773.0,1623.5,,,,,,,47.04,47.3,23.01,2.41,58337,10.65,4.27,0.62,11.8,3.49,1.02,47613,10958,5071,23210,990,21872,135,45949,485,5616,1012.244,1
PA,42,42059,GREENE,"Greene County, Pennsylvania",2025-2026,2025,135.0,377.3,,,,,,,62.13,43.1,19.72,2.33,66283,11.76,5.17,0.24,15.07,7.53,0.68,35781,7055,4208,14999,776,13771,33,33087,245,5392,575.932,0
PA,42,42069,LACKAWANNA,"Lackawanna County, Pennsylvania",2025-2026,2025,2758.0,1278.8,,,,,,,469.99,41.9,20.01,2.36,63739,12.52,4.82,0.97,21.07,14.74,5.76,215672,43161,27010,107488,5181,100713,972,183886,12433,45442,458.886,0
PA,42,42031,CLARION,"Clarion County, Pennsylvania",2025-2026,2025,162.0,432.1,,,,,,,62.39,41.5,20.05,2.43,58690,13.18,5.55,0.3,15.46,4.73,0.86,37489,7515,4942,18397,1021,17008,51,35716,323,5796,600.836,0
PA,42,42087,MIFFLIN,"Mifflin County, Pennsylvania",2025-2026,2025,661.0,1432.4,,,,,,,112.27,43.3,21.63,2.44,58012,16.41,3.91,0.2,9.23,5.2,0.78,46146,9980,7571,22093,864,21056,43,43747,360,4258,411.037,0
PA,42,42037,COLUMBIA,"Columbia County, Pennsylvania",2025-2026,2025,936.0,1441.7,,,,,,,134.36,41.3,19.94,2.36,59457,14.34,4.76,0.33,17.07,6.89,2.35,64924,12945,9313,31750,1510,29912,98,60451,1524,11084,483.222,0
PA,42,42007,BEAVER,"Beaver County, Pennsylvania",2025-2026,2025,866.0,516.6,,,,,,,385.62,44.9,21.97,2.29,67194,10.26,5.6,1.58,19.66,11.39,2.11,167629,36827,17201,85062,4760,78748,1244,148540,3539,32958,434.695,0
PA,42,42131,WYOMING,"Wyoming County, Pennsylvania",2025-2026,2025,210.0,800.9,,,,,,,66.0,45.3,21.93,2.36,67968,10.87,4.46,0.18,15.48,4.88,1.47,26219,5751,2850,12610,562,11892,22,24939,385,4058,397.25,0
PA,42,42047,ELK,"Elk County, Pennsylvania",2025-2026,2025,205.0,663.7,,,,,,,37.35,48.2,22.75,2.26,61672,8.85,6.5,0.43,13.6,3.99,0.91,30886,7028,2733,16011,1041,14790,64,29653,281,4200,826.901,0
PA,42,42075,LEBANON,"Lebanon County, Pennsylvania",2025-2026,2025,1722.0,1202.0,,,,,,,395.92,41.3,19.85,2.53,72532,10.62,4.4,0.64,15.71,16.82,4.26,143258,28432,15214,71666,3151,68005,434,119157,6102,22505,361.835,0
PA,42,42123,WARREN,"Warren County, Pennsylvania",2025-2026,2025,457.0,1187.3,,,,,,,43.53,47.4,23.75,2.34,57925,11.4,4.33,0.61,13.95,4.73,1.4,38492,9142,4389,18149,786,16977,104,36672,537,5370,884.282,0
PA,42,42051,FAYETTE,"Fayette County, Pennsylvania",2025-2026,2025,1139.0,887.0,,,,,,,162.4,45.2,21.84,2.25,55579,15.64,7.21,1.2,13.74,9.52,1.6,128417,28050,20090,58587,4224,53239,640,116188,2054,17643,790.758,0
PA,42,42133,YORK,"York County, Pennsylvania",2025-2026,2025,3775.0,825.9,,,,,,,505.38,41.0,18.17,2.51,79183,8.43,4.6,0.72,18.43,15.35,4.35,457051,83046,38540,241781,11133,225878,1630,386877,19863,84214,904.366,0
PA,42,42089,MONROE,"Monroe County, Pennsylvania",2025-2026,2025,3688.0,2193.6,,,,,,,276.36,43.5,18.27,2.8,80656,11.13,6.31,3.49,18.77,30.57,10.22,168128,30720,18713,84496,5328,77614,2707,116728,17178,31550,608.356,1
PA,42,42057,FULTON,"Fulton County, Pennsylvania",2025-2026,2025,234.0,1608.8,,,,,,,33.24,45.7,21.84,2.37,63153,10.66,3.7,0.25,11.86,5.25,0.78,14545,3177,1550,7143,264,6793,17,13782,113,1725,437.551,1
PA,42,42077,LEHIGH,"Lehigh County, Pennsylvania",2025-2026,2025,7086.0,1894.1,,,,,,,1083.31,38.9,16.94,2.57,74973,11.65,5.77,1.6,22.06,30.5,12.91,374110,63356,43587,194595,11230,180104,2876,259995,48286,82539,345.341,1
PA,42,42095,NORTHAMPTON,"Northampton County, Pennsylvania",2025-2026,2025,5775.0,1837.4,,,,,,,849.94,41.9,19.54,2.51,82201,8.83,4.65,1.29,23.0,21.09,8.25,314299,61421,27768,163495,7599,153491,1975,248000,25920,72290,369.788,1
PA,42,42121,VENANGO,"Venango County, Pennsylvania",2025-2026,2025,395.0,782.6,,,,,,,74.86,47.6,23.7,2.31,59278,13.11,6.67,0.49,14.39,5.02,0.78,50475,11964,6619,23287,1554,21359,105,47943,393,7263,674.265,0
PA,42,42033,CLEARFIELD,"Clearfield County, Pennsylvania",2025-2026,2025,694.0,870.7,,,,,,,69.6,45.2,21.07,2.36,56982,12.89,6.02,0.18,14.27,6.74,1.97,79707,16793,10274,37095,2234,34235,62,74333,1569,11377,1145.16,0
PA,42,42003,ALLEGHENY,"Allegheny County, Pennsylvania",2025-2026,2025,12249.0,983.6,,,,,,,1706.01,40.6,19.47,2.22,72537,10.81,4.95,6.87,31.78,22.18,6.19,1245310,242474,134587,673356,33317,627652,43098,969070,77098,395708,729.953,0
PA,42,42127,WAYNE,"Wayne County, Pennsylvania",2025-2026,2025,1540.0,3006.2,,,,,,,70.58,48.8,24.61,2.43,59240,10.29,5.91,0.37,15.99,8.75,3.79,51227,12609,5272,22550,1333,20812,77,46747,1942,8193,725.769,1
PA,42,42083,MCKEAN,"McKean County, Pennsylvania",2025-2026,2025,286.0,706.9,,,,,,,41.3,43.8,20.02,2.37,57861,13.21,5.28,0.47,13.89,6.06,1.81,40459,8099,5343,18554,979,17283,81,38007,731,5619,979.694,0
PA,42,42115,SUSQUEHANNA,"Susquehanna County, Pennsylvania",2025-2026,2025,268.0,695.4,,,,,,,46.8,48.5,24.17,2.44,63968,11.04,5.8,0.43,14.78,3.65,1.77,38540,9317,4254,17848,1036,16495,71,37134,682,5697,823.496,0
PA,42,42097,NORTHUMBERLAND,"Northumberland County, Pennsylvania",2025-2026,2025,1366.0,1495.5,,,,,,,199.57,44.5,21.6,2.32,55952,11.9,4.74,0.38,13.53,7.96,1.23,91340,19725,10872,43524,2063,40657,156,84070,1122,12361,457.678,1
PA,42,42013,BLAIR,"Blair County, Pennsylvania",2025-2026,2025,1183.0,964.6,,,,,,,233.47,42.9,20.89,2.35,59386,12.83,4.18,0.74,16.7,6.0,1.22,122640,25616,15739,60014,2508,56376,415,115276,1495,20485,525.291,0
PA,42,42105,POTTER,"Potter County, Pennsylvania",2025-2026,2025,416.0,2538.1,,,,,,,15.16,48.1,24.87,2.45,56491,12.05,4.84,0.21,12.15,3.7,1.31,16390,4077,1975,7174,347,6670,14,15784,215,1992,1081.249,1
PA,42,42103,PIKE,"Pike County, Pennsylvania",2025-2026,2025,537.0,910.2,,,,,,,108.27,48.9,22.99,2.47,76416,9.92,8.5,1.76,20.63,17.71,7.49,58996,13564,5854,28831,2451,25645,452,48549,4418,12172,544.895,0
PA,42,42111,SOMERSET,"Somerset County, Pennsylvania",2025-2026,2025,595.0,806.2,,,,,,,68.65,46.7,23.08,2.4,57357,10.18,5.19,0.12,12.89,5.33,1.04,73802,17034,7513,34541,1792,31886,38,69865,769,9515,1075.047,0
PA,42,42081,LYCOMING,"Lycoming County, Pennsylvania",2025-2026,2025,1481.0,1298.9,,,,,,,92.78,41.4,19.96,2.36,63437,11.77,5.31,0.99,17.13,10.25,2.03,114022,22764,13417,55369,2940,51688,510,102334,2320,19533,1228.92,0
PA,42,42101,PHILADELPHIA,"Philadelphia County, Pennsylvania",2025-2026,2025,12630.0,792.7,,,,,,,11858.11,34.8,14.01,2.34,57537,22.08,8.65,19.8,22.99,62.91,14.61,1593208,223219,351811,806458,69721,717569,142078,590860,232805,366310,134.356,0
PA,42,42017,BUCKS,"Bucks County, Pennsylvania",2025-2026,2025,4860.0,753.3,,,,,,,1067.5,44.0,19.46,2.58,107826,5.55,4.64,2.29,31.15,16.23,10.16,645163,125555,35830,356387,16525,334130,7665,540421,65580,200969,604.367,0
PA,42,42085,MERCER,"Mercer County, Pennsylvania",2025-2026,2025,895.0,809.2,,,,,,,164.45,45.0,22.4,2.26,57353,12.67,5.48,0.18,17.2,10.59,1.64,110600,24777,14013,50623,2773,47137,84,98886,1813,19021,672.538,0
PA,42,42107,SCHUYLKILL,"Schuylkill County, Pennsylvania",2025-2026,2025,2363.0,1650.1,,,,,,,183.93,44.2,20.65,2.39,63574,11.75,5.31,0.43,13.47,9.14,2.21,143201,29578,16822,68188,3618,63364,273,130117,3158,19294,778.579,1
CT,09,09110,CAPITOL,"Capitol Planning Region, Connecticut",2024-2025,2024,7708.0,788.8,995.0,101.8,61.0,26.0,38.27,82.8,951.17,39.8,17.12,2.43,88190,10.37,5.59,2.66,28.4,33.07,14.71,977165,167285,101370,526097,29389,485812,12907,654037,143765,277549,1027.33,0
CT,09,09120,GREATER BRIDGEPORT,"Greater Bridgeport Planning Region, Connecticut",2024-2025,2024,5784.0,1772.2,819.0,250.9,61.0,27.0,30.33,75.9,2328.28,40.5,15.88,2.69,83147,12.92,7.69,6.35,28.32,34.45,20.96,326381,51824,42156,173331,13337,156551,9940,213952,68425,92435,140.181,1
CT,09,09130,LOWER CONNECTICUT RIVER VALLEY,"Lower Connecticut River Valley Planning Region, Connecticut",2024-2025,2024,2496.0,1424.3,352.0,200.9,55.0,23.0,15.3,80.3,413.2,45.6,20.85,2.3,99742,6.26,4.11,1.13,33.31,16.11,7.98,175244,36544,10964,98854,4058,93089,1049,147012,13977,58376,424.115,0
CT,09,09140,NAUGATUCK VALLEY,"Naugatuck Valley Planning Region, Connecticut",2024-2025,2024,5172.0,1144.5,699.0,154.7,58.0,23.0,30.39,77.3,1094.73,41.1,17.8,2.5,82939,10.08,6.37,1.6,23.6,31.05,13.39,451887,80450,45555,242961,15476,223763,3587,311573,60490,106657,412.784,0
CT,09,09150,NORTHEASTERN CONNECTICUT,"Northeastern Connecticut Planning Region, Connecticut",2024-2025,2024,1495.0,1562.4,202.0,211.1,40.0,18.0,11.22,68.7,172.75,41.7,17.11,2.44,83119,8.73,7.45,0.13,18.03,14.82,4.67,95687,16375,8356,52270,3893,46788,60,81504,4472,17252,553.892,1
CT,09,09160,NORTHWEST HILLS,"Northwest Hills Planning Region, Connecticut",2024-2025,2024,925.0,820.8,122.0,108.3,38.0,16.0,7.62,85.2,143.26,45.1,20.44,2.4,87971,9.28,5.36,1.02,27.83,17.65,9.52,112696,23033,10462,61274,3287,56900,579,92804,10729,31361,786.642,0
CT,09,09170,SOUTH CENTRAL CONNECTICUT,"South Central Connecticut Planning Region, Connecticut",2024-2025,2024,8573.0,1500.6,1104.0,193.2,63.0,28.0,39.43,75.8,1555.95,39.9,17.5,2.42,83617,11.3,6.12,3.23,27.99,32.46,12.99,571298,99975,64563,307364,18811,282725,9128,385872,74199,159900,367.169,0
CT,09,09180,SOUTHEASTERN CONNECTICUT,"Southeastern Connecticut Planning Region, Connecticut",2024-2025,2024,4341.0,1548.7,494.0,176.2,57.0,26.0,19.0,81.3,468.61,41.6,18.89,2.35,80330,9.5,5.32,1.36,23.86,21.1,8.23,280293,52957,26614,144251,7669,137271,1867,221146,23079,66866,598.135,1
CT,09,09190,WESTERN CONNECTICUT,"Western Connecticut Planning Region, Connecticut",2024-2025,2024,8912.0,1435.9,1131.0,182.2,61.0,28.0,40.39,75.2,1166.41,41.1,16.22,2.66,118930,7.36,5.61,7.71,37.51,33.25,23.17,620666,100665,45652,341173,19130,315294,24306,414266,143828,232830,532.117,0
DE,10,10001,KENT,"Kent County, Delaware",2024-2025,2024,6220.0,3410.1,1337.0,733.0,38.0,28.0,47.75,,311.23,38.5,17.62,2.59,69278,11.98,6.02,0.78,17.7,38.55,6.6,182400,32138,21850,87031,5237,82419,644,112081,12047,32277,586.061,1
DE,10,10003,NEW CASTLE,"New Castle County, Delaware",2024-2025,2024,13140.0,2303.0,2449.0,429.2,40.0,28.0,87.46,,1338.3,39.0,16.24,2.52,85309,10.23,5.42,2.48,26.53,41.4,11.78,570567,92683,58355,305357,16557,284140,7047,334333,67209,151345,426.337,0
DE,10,10005,SUSSEX,"Sussex County, Delaware",2024-2025,2024,6593.0,2739.5,1479.0,614.5,40.0,28.0,52.82,,257.08,51.3,29.17,2.38,75406,11.46,5.05,0.23,23.99,21.95,7.47,240668,70195,27585,109382,5521,102322,238,187830,17967,57735,936.146,0
