state,state_fips,fips,county,NAME,disease,season,season_start_year,outcome_per_100k,total_cases,total_cases_per_100k,peak_week_cases,peak_week_cases_per_100k,weeks_active,time_to_peak,outbreak_steepness,pct_type_a,pct_weeks_high_level,mean_admissions_per_100k,pop_density_per_sqmi,median_age,pct_elderly,avg_household_size,median_income,poverty_rate,unemployment_rate,public_transport_pct,pct_bachelors_plus,pct_non_white,pct_foreign_born,pct_checkup,pct_obesity,pct_diabetes,pct_copd,pct_chd,pct_csmoking,pop_total,land_area_sqmi,outbreak
CT,09,09001,Fairfield County,"Fairfield County, Connecticut",COVID,2022-2023,2022,4313.9,,4313.879999999999,,179.79,50.0,,,,4.0,10.402,1530.39,40.7,15.83,2.69,101194,9.03,6.35,8.05,33.7,32.0,22.33,78.37777777777778,30.56666666666667,10.255555555555555,6.555555555555555,6.511111111111111,12.333333333333334,956446,624.97,0
CT,09,09003,Hartford County,"Hartford County, Connecticut",COVID,2022-2023,2022,4729.5,,4729.4800000000005,,198.38,50.0,,,,6.0,10.502,1222.74,40.2,17.0,2.45,80320,10.7,5.81,2.85,27.44,33.29,15.41,78.37777777777778,30.56666666666667,10.255555555555555,6.555555555555555,6.511111111111111,12.333333333333334,898636,734.934,0
CT,09,09005,Litchfield County,"Litchfield County, Connecticut",COVID,2022-2023,2022,3952.1,,3952.12,,160.81,50.0,,,,10.0,13.856000000000002,201.16,47.6,21.42,2.44,84797,7.7,5.96,0.97,26.95,9.59,7.53,78.37777777777778,30.56666666666667,10.255555555555555,6.555555555555555,6.511111111111111,12.333333333333334,185175,920.515,0
CT,09,09007,Middlesex County,"Middlesex County, Connecticut",COVID,2022-2023,2022,4467.0,,4466.989999999999,,215.47,50.0,,,,12.0,13.856000000000002,445.62,45.9,20.52,2.33,90833,6.24,4.68,1.02,32.17,14.6,7.85,78.37777777777778,30.56666666666667,10.255555555555555,6.555555555555555,6.511111111111111,12.333333333333334,164568,369.304,0
CT,09,09009,New Haven County,"New Haven County, Connecticut",COVID,2022-2023,2022,5138.6,,5138.63,,225.68,50.0,,,,12.0,13.856000000000002,1430.98,40.4,17.33,2.49,75043,11.12,6.71,3.11,25.62,30.91,13.38,78.37777777777778,30.56666666666667,10.255555555555555,6.555555555555555,6.511111111111111,12.333333333333334,864751,604.305,1
CT,09,09011,New London County,"New London County, Connecticut",COVID,2022-2023,2022,5057.2,,5057.200000000001,,223.22,50.0,,,,0.0,7.476,404.67,41.4,18.34,2.35,79040,8.34,5.15,1.33,24.39,21.53,8.71,78.37777777777778,30.56666666666667,10.255555555555555,6.555555555555555,6.511111111111111,12.333333333333334,269131,665.065,1
CT,09,09013,Tolland County,"Tolland County, Connecticut",COVID,2022-2023,2022,3182.0,,3182.0399999999995,,150.61,50.0,,,,6.0,10.502,365.83,37.5,15.94,2.38,88525,8.75,4.66,1.07,27.32,14.37,7.23,78.37777777777778,30.56666666666667,10.255555555555555,6.555555555555555,6.511111111111111,12.333333333333334,150120,410.352,0
CT,09,09015,Windham County,"Windham County, Connecticut",COVID,2022-2023,2022,3480.0,,3479.96,,150.71,50.0,,,,6.0,10.502,227.13,41.2,16.66,2.45,71418,10.85,6.86,0.82,17.17,13.38,4.59,78.37777777777778,30.56666666666667,10.255555555555555,6.555555555555555,6.511111111111111,12.333333333333334,116503,512.928,0
DE,10,10001,Kent County,"Kent County, Delaware",COVID,2022-2023,2022,6618.3,,6618.330000000001,,312.52,48.0,,,,30.0,13.706000000000005,311.23,38.5,17.62,2.59,69278,11.98,6.02,0.78,17.7,38.55,6.6,78.5,38.9,12.8,7.4,6.6,14.6,182400,586.061,1
DE,10,10003,New Castle County,"New Castle County, Delaware",COVID,2022-2023,2022,5898.5,,5898.4800000000005,,314.63,49.0,,,,8.0,7.056,1338.3,39.0,16.24,2.52,85309,10.23,5.42,2.48,26.53,41.4,11.78,77.1,37.7,13.1,6.6,6.2,14.0,570567,426.337,0
DE,10,10005,Sussex County,"Sussex County, Delaware",COVID,2022-2023,2022,6242.3,,6242.26,,304.41,49.0,,,,22.0,13.706000000000005,257.08,51.3,29.17,2.38,75406,11.46,5.05,0.23,23.99,21.95,7.47,82.7,38.0,14.2,9.0,9.5,13.7,240668,936.146,0
NY,36,36001,Albany County,"Albany County, New York",COVID,2022-2023,2022,4814.4,,4814.36,,205.89,50.0,,,,16.0,14.036,602.5,38.1,17.51,2.25,78829,11.94,5.25,4.62,29.87,27.9,11.41,79.6,32.2,9.1,5.1,5.7,11.4,315041,522.888,0
NY,36,36003,Allegany County,"Allegany County, New York",COVID,2022-2023,2022,3395.5,,3395.4800000000005,,167.06,50.0,,,,0.0,7.990000000000001,45.87,38.9,19.33,2.53,58725,15.32,7.31,0.2,15.55,5.61,1.74,79.5,32.7,10.7,7.8,7.8,14.8,47222,1029.435,0
NY,36,36005,Bronx County,"Bronx County, New York",COVID,2022-2023,2022,9315.0,,9315.030000000002,,378.72,50.0,,,,40.0,9.138,34219.2,35.0,13.28,2.64,47036,26.32,11.2,54.94,13.88,82.07,33.94,79.8,37.1,16.0,6.9,7.1,16.1,1443229,42.176,1
NY,36,36007,Broome County,"Broome County, New York",COVID,2022-2023,2022,5143.1,,5143.100000000001,,190.04,50.0,,,,14.0,14.51,281.11,39.7,19.74,2.31,58317,18.14,6.94,3.08,19.73,17.39,7.6,78.5,31.4,10.3,7.1,7.3,13.9,198365,705.651,0
NY,36,36009,Cattaraugus County,"Cattaraugus County, New York",COVID,2022-2023,2022,4101.6,,4101.580000000001,,190.5,50.0,,,,0.0,7.990000000000001,58.86,42.5,19.94,2.36,56889,16.9,5.4,0.45,13.94,10.01,1.57,80.4,36.4,12.1,9.3,8.6,17.7,77000,1308.163,0
NY,36,36011,Cayuga County,"Cayuga County, New York",COVID,2022-2023,2022,4223.3,,4223.250000000001,,191.97,50.0,,,,2.0,10.426000000000002,110.14,43.4,20.05,2.34,63227,12.79,4.26,0.63,16.7,10.41,2.33,79.0,40.7,11.7,9.5,8.5,17.6,76171,691.587,0
NY,36,36013,Chautauqua County,"Chautauqua County, New York",COVID,2022-2023,2022,3776.9,,3776.91,,171.78,50.0,,,,0.0,7.93,120.18,42.8,20.81,2.29,54625,16.88,5.42,0.46,17.04,11.2,2.43,80.4,33.8,11.8,8.4,8.4,16.1,127440,1060.41,0
NY,36,36015,Chemung County,"Chemung County, New York",COVID,2022-2023,2022,4858.8,,4858.83,,189.32,50.0,,,,2.0,10.048,205.2,41.7,19.59,2.29,61358,14.5,6.33,1.25,17.32,14.06,3.49,78.5,34.2,11.9,9.0,8.6,15.9,83584,407.333,0
NY,36,36017,Chenango County,"Chenango County, New York",COVID,2022-2023,2022,4206.9,,4206.929999999999,,235.13,50.0,,,,2.0,6.540000000000001,52.71,44.9,21.32,2.33,61741,12.2,7.1,0.05,13.17,5.66,2.23,78.6,37.5,12.6,9.3,9.0,18.3,47096,893.443,0
NY,36,36019,Clinton County,"Clinton County, New York",COVID,2022-2023,2022,5911.6,,5911.65,,236.07,50.0,,,,10.0,9.154,76.93,40.9,17.84,2.24,67097,12.01,4.66,0.17,18.8,9.7,4.87,80.8,41.1,11.4,8.1,7.3,17.5,79839,1037.751,1
NY,36,36021,Columbia County,"Columbia County, New York",COVID,2022-2023,2022,5104.2,,5104.17,,307.76,50.0,,,,4.0,7.576,96.85,49.3,24.77,2.34,81741,10.02,5.93,2.63,28.01,13.96,6.68,81.6,32.7,10.9,7.3,8.1,13.3,61469,634.663,0
NY,36,36023,Cortland County,"Cortland County, New York",COVID,2022-2023,2022,4615.3,,4615.32,,237.49,50.0,,,,0.0,6.954,93.74,36.3,16.5,2.33,65029,11.92,5.36,0.98,17.43,8.5,2.44,78.3,31.7,9.9,7.5,6.8,14.7,46755,498.774,0
NY,36,36025,Delaware County,"Delaware County, New York",COVID,2022-2023,2022,4166.8,,4166.77,,188.06,50.0,,,,0.0,6.540000000000001,30.94,48.9,25.2,2.26,58338,14.1,6.11,0.99,18.57,7.63,4.14,80.7,35.7,12.7,8.9,9.1,15.1,44637,1442.596,0
NY,36,36027,Dutchess County,"Dutchess County, New York",COVID,2022-2023,2022,5885.5,,5885.46,,197.47,50.0,,,,4.0,10.767999999999995,372.63,42.9,18.4,2.45,94578,8.15,4.97,4.22,27.73,26.72,11.14,80.8,34.1,10.1,6.0,6.6,11.8,296467,795.602,1
NY,36,36029,Erie County,"Erie County, New York",COVID,2022-2023,2022,4437.3,,4437.33,,163.38,50.0,,,,0.0,11.914,912.25,40.1,18.47,2.28,68014,13.42,4.95,3.01,25.68,24.62,7.36,81.0,32.3,10.3,6.6,6.9,14.5,951232,1042.732,0
NY,36,36031,Essex County,"Essex County, New York",COVID,2022-2023,2022,4543.9,,4543.88,,206.05,50.0,,,,6.0,9.154,20.8,49.2,24.83,2.23,68090,9.84,5.07,0.51,24.17,6.86,4.07,80.1,35.9,11.4,8.1,8.6,16.2,37314,1794.122,0
NY,36,36033,Franklin County,"Franklin County, New York",COVID,2022-2023,2022,4370.1,,4370.09,,193.91,50.0,,,,4.0,9.154,29.13,41.9,18.44,2.28,60270,16.26,5.15,1.35,15.79,16.02,3.89,78.6,36.7,12.0,9.5,8.8,18.4,47459,1629.296,0
NY,36,36035,Fulton County,"Fulton County, New York",COVID,2022-2023,2022,5962.6,,5962.609999999999,,288.48,50.0,,,,10.0,7.8279999999999985,107.54,44.2,20.15,2.35,60557,13.66,4.31,0.49,14.03,8.95,2.03,79.6,36.5,12.3,9.7,8.8,19.9,53280,495.46,1
NY,36,36037,Genesee County,"Genesee County, New York",COVID,2022-2023,2022,3837.3,,3837.31,,171.09,50.0,,,,0.0,11.914,118.08,42.7,19.47,2.34,68178,10.26,4.73,0.12,16.64,9.02,2.61,78.5,35.3,11.3,8.8,8.3,16.5,58204,492.939,0
NY,36,36039,Greene County,"Greene County, New York",COVID,2022-2023,2022,4113.4,,4113.36,,207.68,50.0,,,,2.0,7.576,74.27,47.0,23.16,2.52,70294,9.81,2.8,1.38,20.91,13.8,5.58,79.9,32.2,10.9,7.4,7.7,14.1,48067,647.161,0
NY,36,36041,Hamilton County,"Hamilton County, New York",COVID,2022-2023,2022,4234.5,,4234.5,,317.03,47.0,,,,2.0,8.016,2.96,56.4,32.0,2.83,66891,10.63,4.91,0.49,18.84,7.54,1.71,82.3,37.6,14.6,11.7,11.1,17.8,5090,1717.378,0
NY,36,36043,Herkimer County,"Herkimer County, New York",COVID,2022-2023,2022,4406.4,,4406.4400000000005,,169.6,50.0,,,,0.0,7.024,42.74,44.3,21.32,2.39,68104,11.84,4.16,0.21,15.95,6.61,2.54,79.8,37.8,11.4,8.6,8.2,16.5,60293,1410.586,0
NY,36,36045,Jefferson County,"Jefferson County, New York",COVID,2022-2023,2022,5316.2,,5316.199999999999,,203.03,50.0,,,,4.0,10.378,92.63,32.8,14.19,2.44,62782,12.18,6.41,0.52,16.02,15.84,4.71,78.5,36.3,10.0,7.4,6.6,17.1,117445,1267.916,0
NY,36,36047,Kings County,"Kings County, New York",COVID,2022-2023,2022,8854.4,,8854.37,,374.7,50.0,,,,34.0,9.138,38624.04,35.9,14.5,2.64,74692,18.79,7.27,50.72,28.05,59.62,35.28,78.0,26.9,11.6,5.6,6.2,11.8,2679620,69.377,1
NY,36,36049,Lewis County,"Lewis County, New York",COVID,2022-2023,2022,3639.3,,3639.34,,182.54,50.0,,,,2.0,10.378,20.91,42.0,19.59,2.46,64401,12.96,5.16,1.07,13.3,4.73,1.11,79.4,36.0,11.2,8.4,8.0,16.9,26690,1276.462,0
NY,36,36051,Livingston County,"Livingston County, New York",COVID,2022-2023,2022,3396.7,,3396.69,,143.05,50.0,,,,0.0,11.914,98.11,41.7,18.89,2.35,70443,10.76,4.67,0.62,19.91,8.75,3.02,78.2,31.4,10.3,7.4,7.3,14.8,61980,631.762,0
NY,36,36053,Madison County,"Madison County, New York",COVID,2022-2023,2022,3645.3,,3645.269999999999,,205.8,50.0,,,,2.0,7.024,103.87,42.5,19.15,2.48,68869,8.76,4.06,0.33,18.24,8.12,2.87,79.4,33.3,9.8,7.1,7.2,14.4,68020,654.85,0
NY,36,36055,Monroe County,"Monroe County, New York",COVID,2022-2023,2022,3954.9,,3954.87,,122.81,50.0,,,,0.0,11.914,1151.4,39.3,17.91,2.32,71450,13.02,5.27,1.98,28.13,27.75,8.25,77.4,35.6,10.2,5.0,6.0,11.0,756406,656.944,0
NY,36,36057,Montgomery County,"Montgomery County, New York",COVID,2022-2023,2022,5190.8,,5190.849999999999,,253.96,50.0,,,,8.0,7.8279999999999985,123.1,40.6,18.84,2.56,58033,14.88,5.91,0.25,13.67,17.12,3.12,77.9,35.9,12.5,9.9,8.8,19.1,49624,403.111,0
NY,36,36059,Nassau County,"Nassau County, New York",COVID,2022-2023,2022,8665.0,,8664.96,,389.41,50.0,,,,38.0,14.968,4882.09,41.7,18.03,3.01,137709,5.31,4.65,13.64,33.67,37.99,22.79,81.1,27.0,10.9,4.8,6.0,9.5,1389160,284.542,1
NY,36,36061,New York County,"New York County, New York",COVID,2022-2023,2022,8845.7,,8845.69,,424.57,50.0,,,,26.0,9.138,72639.55,38.5,17.27,2.04,99880,15.35,6.77,47.82,48.33,48.78,28.11,77.5,20.9,9.1,5.1,6.1,10.5,1645867,22.658,1
NY,36,36063,Niagara County,"Niagara County, New York",COVID,2022-2023,2022,3936.3,,3936.349999999999,,145.26,50.0,,,,0.0,11.914,406.3,43.1,19.74,2.29,65882,12.74,5.78,0.95,19.43,15.09,3.95,80.8,34.8,11.3,8.4,8.0,14.7,212230,522.353,0
NY,36,36065,Oneida County,"Oneida County, New York",COVID,2022-2023,2022,4698.5,,4698.450000000001,,192.42,50.0,,,,0.0,7.024,190.57,40.9,19.17,2.36,66402,13.79,4.43,1.5,18.9,17.26,8.71,80.2,38.1,11.1,8.0,7.7,15.1,231055,1212.443,0
NY,36,36067,Onondaga County,"Onondaga County, New York",COVID,2022-2023,2022,4701.2,,4701.15,,224.31,50.0,,,,4.0,10.426000000000002,607.2,39.4,17.85,2.35,71479,13.34,5.65,2.37,25.36,23.28,7.9,80.7,34.7,10.9,8.0,7.4,15.3,472637,778.393,0
NY,36,36069,Ontario County,"Ontario County, New York",COVID,2022-2023,2022,4414.4,,4414.42,,179.45,50.0,,,,4.0,12.182000000000002,174.34,43.8,21.03,2.3,76603,8.73,3.96,0.46,26.53,9.6,3.93,79.4,33.5,10.5,7.0,7.2,13.4,112288,644.075,0
NY,36,36071,Orange County,"Orange County, New York",COVID,2022-2023,2022,8183.9,,8183.9,,304.98,49.0,,,,30.0,11.125999999999998,494.09,36.8,14.14,2.89,91806,12.73,5.35,4.66,20.17,32.83,12.23,79.8,37.0,10.3,5.3,6.0,11.6,401237,812.078,1
NY,36,36073,Orleans County,"Orleans County, New York",COVID,2022-2023,2022,3657.8,,3657.8,,156.13,49.0,,,,0.0,11.914,102.61,43.2,18.29,2.33,61069,11.96,6.08,0.39,13.0,12.78,2.91,79.8,36.3,10.7,7.3,7.4,15.2,40148,391.262,0
NY,36,36075,Oswego County,"Oswego County, New York",COVID,2022-2023,2022,5217.6,,5217.55,,264.68,50.0,,,,10.0,10.426000000000002,124.04,40.3,17.07,2.4,65054,16.37,7.35,0.76,14.58,6.77,2.06,78.8,38.3,10.9,8.4,7.5,16.5,118037,951.601,0
NY,36,36077,Otsego County,"Otsego County, New York",COVID,2022-2023,2022,4333.3,,4333.290000000001,,183.21,50.0,,,,0.0,6.540000000000001,59.57,40.8,21.15,2.42,65778,11.88,4.96,0.64,22.22,8.88,3.84,80.2,33.3,10.3,7.0,7.3,12.3,59678,1001.738,0
NY,36,36079,Putnam County,"Putnam County, New York",COVID,2022-2023,2022,6575.5,,6575.48,,252.24,50.0,,,,14.0,10.767999999999995,425.37,44.1,18.28,2.73,120970,6.26,4.42,6.55,30.92,19.9,14.11,79.3,30.5,10.2,5.7,6.5,11.2,97942,230.252,1
NY,36,36081,Queens County,"Queens County, New York",COVID,2022-2023,2022,10135.4,,10135.39,,419.99,50.0,,,,40.0,9.138,21713.94,39.9,16.49,2.85,82431,11.56,7.02,43.73,25.18,69.48,47.14,81.0,24.7,12.3,4.6,5.8,10.4,2360826,108.724,1
NY,36,36083,Rensselaer County,"Rensselaer County, New York",COVID,2022-2023,2022,4857.2,,4857.160000000001,,246.99,50.0,,,,18.0,14.036,246.67,40.0,17.63,2.34,83734,11.05,5.59,2.5,24.91,17.34,5.72,78.6,34.5,10.1,6.4,6.7,12.6,160943,652.459,0
NY,36,36085,Richmond County,"Richmond County, New York",COVID,2022-2023,2022,11056.9,,11056.93,,425.08,50.0,,,,42.0,9.138,8569.18,40.3,16.59,2.86,96185,10.26,5.43,25.12,24.7,33.8,24.84,79.8,29.4,11.3,5.3,6.3,10.5,492925,57.523,1
NY,36,36087,Rockland County,"Rockland County, New York",COVID,2022-2023,2022,7004.2,,7004.21,,244.02,50.0,,,,22.0,8.751999999999999,1942.17,35.3,15.64,3.22,106173,14.88,6.22,5.62,26.25,33.04,20.69,78.4,31.4,11.6,6.3,6.6,13.1,337326,173.685,1
NY,36,36089,St. Lawrence County,"St. Lawrence County, New York",COVID,2022-2023,2022,3771.1,,3771.12,,153.15,50.0,,,,2.0,10.378,40.56,38.8,18.01,2.37,58339,15.34,6.27,0.2,15.44,7.64,3.64,78.5,35.7,11.4,8.8,7.8,17.8,108670,2679.395,0
NY,36,36091,Saratoga County,"Saratoga County, New York",COVID,2022-2023,2022,4848.5,,4848.539999999999,,209.26,50.0,,,,2.0,8.016,291.77,43.3,18.94,2.36,97038,6.45,3.54,0.66,31.37,9.74,5.55,79.0,32.6,8.9,5.5,6.5,10.5,236328,809.97,0
NY,36,36093,Schenectady County,"Schenectady County, New York",COVID,2022-2023,2022,5132.7,,5132.67,,252.42,50.0,,,,4.0,8.016,779.05,39.7,17.47,2.42,75056,11.3,5.98,3.93,23.55,28.03,10.06,80.0,34.0,10.2,6.2,6.5,12.9,159447,204.669,0
NY,36,36095,Schoharie County,"Schoharie County, New York",COVID,2022-2023,2022,3909.8,,3909.8,,154.84,50.0,,,,0.0,6.540000000000001,48.2,45.7,23.04,2.33,71479,9.69,5.29,0.38,17.91,8.84,3.09,80.2,36.7,11.7,9.4,8.6,17.8,29970,621.819,0
NY,36,36097,Schuyler County,"Schuyler County, New York",COVID,2022-2023,2022,3285.2,,3285.21,,168.47,47.0,,,,2.0,10.048,54.38,47.3,22.06,2.36,61316,15.58,5.67,0.19,18.21,5.67,1.83,79.8,37.6,12.3,9.6,8.9,19.0,17855,328.343,0
NY,36,36099,Seneca County,"Seneca County, New York",COVID,2022-2023,2022,4130.4,,4130.39,,179.33,50.0,,,,4.0,12.182000000000002,103.96,43.0,20.17,2.3,64050,12.31,4.51,0.38,16.06,10.45,2.36,79.5,37.5,11.3,8.4,8.1,15.8,33651,323.698,0
NY,36,36101,Steuben County,"Steuben County, New York",COVID,2022-2023,2022,4348.9,,4348.949999999999,,167.75,50.0,,,,2.0,10.048,67.3,42.8,19.97,2.35,62506,13.24,6.31,0.4,18.37,6.94,3.29,79.3,36.1,10.9,7.6,7.7,14.9,93584,1390.508,0
NY,36,36103,Suffolk County,"Suffolk County, New York",COVID,2022-2023,2022,7963.2,,7963.150000000001,,314.98,50.0,,,,36.0,14.968,1673.56,41.7,17.28,2.93,122498,6.38,4.76,5.3,27.32,27.07,15.98,78.3,29.8,10.0,5.7,6.6,10.6,1524486,910.922,1
NY,36,36105,Sullivan County,"Sullivan County, New York",COVID,2022-2023,2022,7144.1,,7144.13,,261.16,50.0,,,,12.0,11.125999999999998,81.32,41.9,18.93,2.47,67841,14.24,7.2,1.1,19.6,25.36,10.51,78.9,34.9,12.8,8.0,8.0,15.1,78725,968.145,1
NY,36,36107,Tioga County,"Tioga County, New York",COVID,2022-2023,2022,4898.0,,4898.0199999999995,,184.64,50.0,,,,14.0,14.51,93.19,44.7,20.85,2.35,70427,10.03,5.59,0.24,18.91,5.55,2.01,79.5,35.5,11.0,7.6,8.0,14.0,48344,518.767,0
NY,36,36109,Tompkins County,"Tompkins County, New York",COVID,2022-2023,2022,5207.5,,5207.4800000000005,,216.28,50.0,,,,0.0,6.954,216.07,32.6,15.68,2.06,69995,13.88,4.69,6.05,34.28,21.82,12.96,77.3,29.6,7.7,5.0,5.4,11.0,102555,474.642,0
NY,36,36111,Ulster County,"Ulster County, New York",COVID,2022-2023,2022,5196.2,,5196.2,,188.65,50.0,,,,4.0,10.767999999999995,162.02,44.2,20.46,2.34,77197,14.13,5.05,2.29,26.2,21.78,7.76,79.5,31.7,10.8,7.2,7.2,13.3,182153,1124.236,0
NY,36,36113,Warren County,"Warren County, New York",COVID,2022-2023,2022,6272.7,,6272.7,,256.47,50.0,,,,6.0,8.016,75.74,46.7,23.03,2.17,74531,8.54,4.2,0.73,25.39,6.56,3.47,79.8,34.7,11.0,8.6,8.0,17.0,65684,867.222,1
NY,36,36115,Washington County,"Washington County, New York",COVID,2022-2023,2022,4823.2,,4823.21,,200.97,50.0,,,,2.0,8.016,73.76,44.6,20.41,2.41,68703,10.83,5.13,0.38,15.6,7.94,2.84,79.4,36.1,11.3,8.1,7.9,15.1,61310,831.19,0
NY,36,36117,Wayne County,"Wayne County, New York",COVID,2022-2023,2022,4131.6,,4131.55,,161.26,50.0,,,,4.0,12.182000000000002,151.24,43.6,19.72,2.37,71007,10.9,4.29,0.28,17.86,10.22,2.63,79.6,37.2,10.8,7.3,7.4,14.4,91324,603.83,0
NY,36,36119,Westchester County,"Westchester County, New York",COVID,2022-2023,2022,6995.8,,6995.829999999999,,286.1,50.0,,,,22.0,10.767999999999995,2316.31,41.3,17.48,2.64,114651,8.36,6.04,18.6,36.05,42.69,25.58,78.9,26.7,9.8,5.3,6.2,9.4,997904,430.817,1
NY,36,36121,Wyoming County,"Wyoming County, New York",COVID,2022-2023,2022,3121.0,,3120.97,,170.6,50.0,,,,0.0,11.914,68.05,42.9,19.13,2.34,65066,10.01,4.08,0.63,13.33,10.19,2.19,78.8,35.8,10.8,7.6,7.6,16.3,40338,592.752,0
NY,36,36123,Yates County,"Yates County, New York",COVID,2022-2023,2022,3022.6,,3022.55,,176.61,50.0,,,,4.0,12.182000000000002,73.09,41.7,21.48,2.64,63974,13.54,3.23,0.02,16.29,4.17,1.58,79.0,35.0,12.0,9.4,8.8,17.2,24713,338.139,0
PA,42,42001,Adams County,"Adams County, Pennsylvania",COVID,2022-2023,2022,6239.2,,6239.24,,240.76,48.0,,,,0.0,5.291999999999999,201.67,43.8,20.89,2.51,78975,7.56,3.4,0.22,17.14,8.46,3.38,79.4,36.5,10.9,7.7,7.6,15.7,104604,518.69,1
PA,42,42003,Allegheny County,"Allegheny County, Pennsylvania",COVID,2022-2023,2022,5257.7,,5257.7,,270.88,48.0,,,,6.0,7.949999999999999,1706.01,40.6,19.47,2.22,72537,10.81,4.95,6.87,31.78,22.18,6.19,78.2,31.7,11.0,7.2,7.1,14.7,1245310,729.953,0
PA,42,42005,Armstrong County,"Armstrong County, Pennsylvania",COVID,2022-2023,2022,4540.1,,4540.07,,211.63,48.0,,,,4.0,7.949999999999999,100.32,47.0,22.88,2.33,61011,10.26,5.08,0.3,13.79,3.7,0.61,78.8,37.9,12.3,9.8,8.8,19.6,65538,653.321,0
PA,42,42007,Beaver County,"Beaver County, Pennsylvania",COVID,2022-2023,2022,5081.4,,5081.41,,232.42,48.0,,,,4.0,7.949999999999999,385.62,44.9,21.97,2.29,67194,10.26,5.6,1.58,19.66,11.39,2.11,79.5,37.4,11.8,8.4,8.2,15.5,167629,434.695,0
PA,42,42009,Bedford County,"Bedford County, Pennsylvania",COVID,2022-2023,2022,3646.0,,3646.01,,210.91,48.0,,,,0.0,7.552,47.04,47.3,23.01,2.41,58337,10.65,4.27,0.62,11.8,3.49,1.02,79.3,34.9,12.6,9.9,9.5,18.2,47613,1012.244,0
PA,42,42011,Berks County,"Berks County, Pennsylvania",COVID,2022-2023,2022,5268.3,,5268.250000000001,,189.24,48.0,,,,0.0,6.741999999999999,500.33,39.9,17.54,2.58,74617,11.46,5.38,1.21,18.29,24.64,8.13,79.0,34.8,11.5,7.5,7.6,14.8,428483,856.403,0
PA,42,42013,Blair County,"Blair County, Pennsylvania",COVID,2022-2023,2022,4233.0,,4233.0,,223.26,48.0,,,,0.0,7.552,233.47,42.9,20.89,2.35,59386,12.83,4.18,0.74,16.7,6.0,1.22,78.7,36.0,12.7,10.2,9.2,19.2,122640,525.291,0
PA,42,42015,Bradford County,"Bradford County, Pennsylvania",COVID,2022-2023,2022,7058.6,,7058.650000000001,,280.16,48.0,,,,26.0,14.51,52.43,43.9,21.74,2.44,60650,12.98,4.79,0.11,14.16,4.55,1.96,79.9,34.7,12.2,9.0,8.9,16.1,60159,1147.376,1
PA,42,42017,Bucks County,"Bucks County, Pennsylvania",COVID,2022-2023,2022,4469.6,,4469.56,,174.13,48.0,,,,0.0,10.657999999999998,1067.5,44.0,19.46,2.58,107826,5.55,4.64,2.29,31.15,16.23,10.16,78.4,30.4,11.1,7.6,7.4,15.5,645163,604.367,0
PA,42,42019,Butler County,"Butler County, Pennsylvania",COVID,2022-2023,2022,5221.1,,5221.089999999999,,231.56,48.0,,,,8.0,7.949999999999999,246.44,43.4,19.65,2.38,82932,7.67,4.65,0.42,27.5,5.55,2.25,80.0,32.3,9.7,6.2,6.7,12.2,194562,789.486,0
PA,42,42021,Cambria County,"Cambria County, Pennsylvania",COVID,2022-2023,2022,6549.5,,6549.509999999999,,280.36,48.0,,,,4.0,7.552,193.83,45.6,23.12,2.28,54221,13.69,4.95,0.98,16.31,7.78,1.03,79.9,36.6,12.6,9.7,9.1,18.1,133263,687.51,1
PA,42,42023,Cameron County,"Cameron County, Pennsylvania",COVID,2022-2023,2022,4722.3,,4722.289999999999,,292.33,43.0,,,,2.0,7.990000000000001,11.45,51.8,27.98,2.03,46186,14.86,7.13,0.0,8.33,4.96,0.73,81.3,37.9,15.4,12.3,11.5,20.8,4536,396.233,0
PA,42,42025,Carbon County,"Carbon County, Pennsylvania",COVID,2022-2023,2022,6021.9,,6021.920000000001,,224.36,48.0,,,,6.0,10.8,170.51,46.3,21.58,2.41,64538,11.61,6.92,0.27,13.55,8.25,3.55,79.2,34.7,12.4,9.3,8.7,17.6,65018,381.324,1
PA,42,42027,Centre County,"Centre County, Pennsylvania",COVID,2022-2023,2022,4860.0,,4860.049999999999,,242.63,48.0,,,,2.0,7.354,143.3,33.3,15.07,2.39,70087,14.95,3.97,4.04,28.3,14.2,8.33,76.9,31.5,8.7,6.5,6.0,15.1,158665,1107.259,0
PA,42,42029,Chester County,"Chester County, Pennsylvania",COVID,2022-2023,2022,4033.6,,4033.630000000001,,190.48,48.0,,,,0.0,10.657999999999998,714.78,40.7,16.97,2.6,118574,5.81,3.96,1.62,38.44,19.54,9.66,77.3,29.6,9.2,5.1,5.9,10.6,536474,750.546,0
PA,42,42031,Clarion County,"Clarion County, Pennsylvania",COVID,2022-2023,2022,4063.7,,4063.71,,205.53,48.0,,,,2.0,8.378,62.39,41.5,20.05,2.43,58690,13.18,5.55,0.3,15.46,4.73,0.86,77.7,34.5,11.3,8.9,8.3,18.0,37489,600.836,0
PA,42,42033,Clearfield County,"Clearfield County, Pennsylvania",COVID,2022-2023,2022,6175.0,,6175.009999999999,,261.18,48.0,,,,6.0,7.354,69.6,45.2,21.07,2.36,56982,12.89,6.02,0.18,14.27,6.74,1.97,78.8,37.2,13.0,10.6,9.3,20.0,79707,1145.16,1
PA,42,42035,Clinton County,"Clinton County, Pennsylvania",COVID,2022-2023,2022,5099.4,,5099.38,,238.14,48.0,,,,10.0,11.238,42.56,39.8,19.31,2.44,59011,12.6,5.35,0.35,13.4,5.06,1.51,78.0,33.7,10.8,8.6,7.6,18.4,37860,889.63,0
PA,42,42037,Columbia County,"Columbia County, Pennsylvania",COVID,2022-2023,2022,6163.4,,6163.41,,263.22,48.0,,,,2.0,9.264,134.36,41.3,19.94,2.36,59457,14.34,4.76,0.33,17.07,6.89,2.35,78.9,36.0,11.1,8.5,8.0,16.4,64924,483.222,1
PA,42,42039,Crawford County,"Crawford County, Pennsylvania",COVID,2022-2023,2022,5631.7,,5631.650000000001,,272.96,48.0,,,,14.0,12.647999999999998,82.85,43.6,21.56,2.42,58734,12.17,5.64,0.64,14.46,5.82,1.27,79.1,37.4,12.2,9.6,8.7,19.5,83876,1012.355,0
PA,42,42041,Cumberland County,"Cumberland County, Pennsylvania",COVID,2022-2023,2022,4442.5,,4442.530000000001,,163.0,48.0,,,,0.0,7.0120000000000005,478.97,40.3,18.66,2.38,82849,7.35,3.68,0.43,26.93,15.35,6.69,78.6,32.8,10.2,6.9,6.7,14.1,261269,545.482,0
PA,42,42043,Dauphin County,"Dauphin County, Pennsylvania",COVID,2022-2023,2022,4539.0,,4539.0,,183.26,48.0,,,,0.0,7.0120000000000005,545.1,39.4,17.45,2.37,71046,11.97,4.32,1.5,23.08,33.48,8.68,79.3,34.1,12.2,7.9,7.5,17.1,286108,524.87,0
PA,42,42045,Delaware County,"Delaware County, Pennsylvania",COVID,2022-2023,2022,4670.5,,4670.500000000001,,223.2,48.0,,,,2.0,10.657999999999998,3129.91,39.0,16.75,2.56,86390,9.31,6.79,7.44,27.83,34.27,10.76,79.6,30.9,10.8,5.5,6.1,12.5,575312,183.811,0
PA,42,42047,Elk County,"Elk County, Pennsylvania",COVID,2022-2023,2022,4677.3,,4677.34,,217.32,48.0,,,,6.0,6.545999999999999,37.35,48.2,22.75,2.26,61672,8.85,6.5,0.43,13.6,3.99,0.91,79.8,38.3,12.7,10.1,9.3,17.9,30886,826.901,0
PA,42,42049,Erie County,"Erie County, Pennsylvania",COVID,2022-2023,2022,4912.3,,4912.32,,222.82,48.0,,,,2.0,7.93,338.58,39.9,18.75,2.35,59396,14.66,5.47,1.4,20.41,15.86,4.38,80.4,36.5,11.6,8.5,8.2,17.8,270495,798.901,0
PA,42,42051,Fayette County,"Fayette County, Pennsylvania",COVID,2022-2023,2022,5994.2,,5994.23,,349.64,48.0,,,,14.0,8.235999999999999,162.4,45.2,21.84,2.25,55579,15.64,7.21,1.2,13.74,9.52,1.6,80.6,34.7,13.2,10.7,9.0,20.7,128417,790.758,1
PA,42,42053,Forest County,"Forest County, Pennsylvania",COVID,2022-2023,2022,3987.9,,3987.89,,496.76,46.0,,,,6.0,8.378,16.29,46.2,22.89,2.49,46188,12.66,4.29,0.0,9.51,28.41,3.25,77.6,39.7,13.6,10.0,9.3,21.8,6959,427.259,0
PA,42,42055,Franklin County,"Franklin County, Pennsylvania",COVID,2022-2023,2022,6841.4,,6841.399999999999,,278.66,48.0,,,,6.0,7.136,202.1,42.2,19.8,2.46,71808,8.88,3.42,0.22,16.21,10.64,3.71,78.6,38.9,11.5,8.3,7.8,18.5,156084,772.299,1
PA,42,42057,Fulton County,"Fulton County, Pennsylvania",COVID,2022-2023,2022,6063.3,,6063.3,,419.82,46.0,,,,8.0,7.136,33.24,45.7,21.84,2.37,63153,10.66,3.7,0.25,11.86,5.25,0.78,79.1,35.6,11.6,8.6,8.4,17.2,14545,437.551,1
PA,42,42059,Greene County,"Greene County, Pennsylvania",COVID,2022-2023,2022,6102.2,,6102.219999999999,,353.27,48.0,,,,8.0,8.235999999999999,62.13,43.1,19.72,2.33,66283,11.76,5.17,0.24,15.07,7.53,0.68,78.8,35.6,12.0,9.6,8.7,18.7,35781,575.932,1
PA,42,42061,Huntingdon County,"Huntingdon County, Pennsylvania",COVID,2022-2023,2022,4968.6,,4968.5599999999995,,234.8,48.0,,,,10.0,11.472,50.45,43.6,21.17,2.48,61300,10.02,5.09,0.12,13.09,9.46,1.02,78.4,35.0,11.5,8.4,8.1,18.8,44123,874.592,0
PA,42,42063,Indiana County,"Indiana County, Pennsylvania",COVID,2022-2023,2022,4994.4,,4994.45,,241.46,48.0,,,,2.0,7.949999999999999,100.79,39.6,19.74,2.41,57170,12.11,6.46,0.24,17.09,6.89,1.82,79.5,37.7,10.9,8.2,7.9,15.4,83394,827.405,0
PA,42,42065,Jefferson County,"Jefferson County, Pennsylvania",COVID,2022-2023,2022,4974.1,,4974.09,,207.25,48.0,,,,0.0,7.354,67.94,43.7,21.33,2.42,56607,13.84,5.37,0.59,12.1,3.18,0.45,78.5,35.7,12.6,10.2,9.3,20.2,44326,652.439,0
PA,42,42067,Juniata County,"Juniata County, Pennsylvania",COVID,2022-2023,2022,3884.8,,3884.84,,214.03,48.0,,,,14.0,11.472,60.13,42.7,20.56,2.63,61915,8.85,3.13,0.13,10.05,5.86,2.5,78.5,36.0,12.3,9.6,8.8,18.8,23535,391.391,0
PA,42,42069,Lackawanna County,"Lackawanna County, Pennsylvania",COVID,2022-2023,2022,6275.0,,6274.95,,237.99,48.0,,,,4.0,9.156,469.99,41.9,20.01,2.36,63739,12.52,4.82,0.97,21.07,14.74,5.76,78.9,32.8,11.5,8.1,7.7,16.5,215672,458.886,1
PA,42,42071,Lancaster County,"Lancaster County, Pennsylvania",COVID,2022-2023,2022,5027.3,,5027.28,,187.46,48.0,,,,0.0,3.4640000000000004,586.07,39.0,18.81,2.58,81458,7.99,3.38,0.81,20.68,15.58,5.5,77.9,35.1,10.6,7.3,7.4,15.2,553202,943.924,0
PA,42,42073,Lawrence County,"Lawrence County, Pennsylvania",COVID,2022-2023,2022,4735.0,,4735.029999999999,,224.53,48.0,,,,2.0,4.834,240.38,45.0,22.53,2.33,57585,12.02,6.78,0.56,15.85,8.69,1.41,80.3,35.5,12.5,9.2,8.8,17.7,85907,357.373,0
PA,42,42075,Lebanon County,"Lebanon County, Pennsylvania",COVID,2022-2023,2022,6006.6,,6006.64,,227.09,48.0,,,,4.0,7.0120000000000005,395.92,41.3,19.85,2.53,72532,10.62,4.4,0.64,15.71,16.82,4.26,79.1,36.8,11.5,7.7,7.8,15.2,143258,361.835,1
PA,42,42077,Lehigh County,"Lehigh County, Pennsylvania",COVID,2022-2023,2022,5121.3,,5121.329999999999,,179.25,48.0,,,,0.0,10.8,1083.31,38.9,16.94,2.57,74973,11.65,5.77,1.6,22.06,30.5,12.91,78.1,34.0,11.6,7.2,7.0,16.0,374110,345.341,0
PA,42,42079,Luzerne County,"Luzerne County, Pennsylvania",COVID,2022-2023,2022,5756.5,,5756.4800000000005,,225.89,48.0,,,,4.0,9.264,365.66,42.2,19.84,2.37,60836,14.39,5.86,0.8,17.44,19.42,8.3,78.9,38.2,12.0,8.5,8.0,17.5,325396,889.876,1
PA,42,42081,Lycoming County,"Lycoming County, Pennsylvania",COVID,2022-2023,2022,5224.2,,5224.2300000000005,,211.83,48.0,,,,8.0,11.238,92.78,41.4,19.96,2.36,63437,11.77,5.31,0.99,17.13,10.25,2.03,79.3,35.5,11.4,8.5,8.0,16.5,114022,1228.92,0
PA,42,42083,McKean County,"McKean County, Pennsylvania",COVID,2022-2023,2022,3588.9,,3588.91,,221.54,48.0,,,,4.0,7.990000000000001,41.3,43.8,20.02,2.37,57861,13.21,5.28,0.47,13.89,6.06,1.81,79.6,35.9,11.8,8.8,8.4,16.0,40459,979.694,0
PA,42,42085,Mercer County,"Mercer County, Pennsylvania",COVID,2022-2023,2022,4367.4,,4367.39,,203.79,48.0,,,,36.0,16.642,164.45,45.0,22.4,2.26,57353,12.67,5.48,0.18,17.2,10.59,1.64,80.3,34.8,11.6,8.8,8.4,16.8,110600,672.538,0
PA,42,42087,Mifflin County,"Mifflin County, Pennsylvania",COVID,2022-2023,2022,6166.3,,6166.27,,234.08,48.0,,,,24.0,11.472,112.27,43.3,21.63,2.44,58012,16.41,3.91,0.2,9.23,5.2,0.78,79.5,38.3,13.0,10.3,9.3,20.8,46146,411.037,1
PA,42,42089,Monroe County,"Monroe County, Pennsylvania",COVID,2022-2023,2022,5718.0,,5717.959999999999,,239.62,48.0,,,,6.0,10.8,276.36,43.5,18.27,2.8,80656,11.13,6.31,3.49,18.77,30.57,10.22,80.2,37.5,12.6,7.5,7.4,15.8,168128,608.356,0
PA,42,42091,Montgomery County,"Montgomery County, Pennsylvania",COVID,2022-2023,2022,4665.7,,4665.7,,221.08,48.0,,,,2.0,10.657999999999998,1773.19,41.2,18.15,2.53,107441,6.11,4.53,3.37,36.23,24.08,10.94,78.2,31.5,10.3,6.6,6.7,12.5,856399,482.971,0
PA,42,42093,Montour County,"Montour County, Pennsylvania",COVID,2022-2023,2022,7153.0,,7153.01,,340.1,48.0,,,,18.0,12.74,139.38,43.2,20.99,2.28,72626,8.31,2.4,0.09,26.63,8.6,5.06,78.8,35.3,12.0,8.9,8.4,16.8,18165,130.331,1
PA,42,42095,Northampton County,"Northampton County, Pennsylvania",COVID,2022-2023,2022,5653.4,,5653.44,,190.31,48.0,,,,0.0,10.8,849.94,41.9,19.54,2.51,82201,8.83,4.65,1.29,23.0,21.09,8.25,77.7,33.0,10.9,6.9,7.1,14.6,314299,369.788,0
PA,42,42097,Northumberland County,"Northumberland County, Pennsylvania",COVID,2022-2023,2022,5942.1,,5942.129999999999,,223.46,48.0,,,,10.0,12.74,199.57,44.5,21.6,2.32,55952,11.9,4.74,0.38,13.53,7.96,1.23,79.2,37.9,12.5,9.7,8.8,19.2,91340,457.678,1
PA,42,42099,Perry County,"Perry County, Pennsylvania",COVID,2022-2023,2022,3576.7,,3576.68,,146.96,48.0,,,,0.0,7.0120000000000005,83.31,43.7,19.37,2.51,76103,8.08,3.39,0.19,13.15,4.87,1.21,78.0,35.1,11.2,8.7,8.1,17.8,45941,551.449,0
PA,42,42101,Philadelphia County,"Philadelphia County, Pennsylvania",COVID,2022-2023,2022,4609.6,,4609.65,,306.05,48.0,,,,6.0,10.657999999999998,11858.11,34.8,14.01,2.34,57537,22.08,8.65,19.8,22.99,62.91,14.61,78.8,34.2,14.6,8.3,7.1,18.4,1593208,134.356,0
PA,42,42103,Pike County,"Pike County, Pennsylvania",COVID,2022-2023,2022,4988.4,,4988.45,,177.39,48.0,,,,6.0,11.125999999999998,108.27,48.9,22.99,2.47,76416,9.92,8.5,1.76,20.63,17.71,7.49,80.3,34.0,12.4,7.7,8.2,14.6,58996,544.895,0
PA,42,42105,Potter County,"Potter County, Pennsylvania",COVID,2022-2023,2022,3570.1,,3570.1099999999997,,229.94,48.0,,,,0.0,7.990000000000001,15.16,48.1,24.87,2.45,56491,12.05,4.84,0.21,12.15,3.7,1.31,80.3,38.1,13.2,9.7,9.4,18.2,16390,1081.249,0
PA,42,42107,Schuylkill County,"Schuylkill County, Pennsylvania",COVID,2022-2023,2022,5356.6,,5356.56,,211.52,48.0,,,,2.0,12.74,183.93,44.2,20.65,2.39,63574,11.75,5.31,0.43,13.47,9.14,2.21,78.4,39.0,12.5,9.8,8.7,19.9,143201,778.579,0
PA,42,42109,Snyder County,"Snyder County, Pennsylvania",COVID,2022-2023,2022,3987.9,,3987.89,,262.56,48.0,,,,4.0,12.74,121.04,40.0,19.83,2.57,65914,7.79,2.18,0.3,14.03,4.54,1.12,78.7,35.5,11.3,8.4,7.9,15.3,39797,328.784,0
PA,42,42111,Somerset County,"Somerset County, Pennsylvania",COVID,2022-2023,2022,4717.7,,4717.7,,211.04,48.0,,,,2.0,7.552,68.65,46.7,23.08,2.4,57357,10.18,5.19,0.12,12.89,5.33,1.04,79.3,36.5,12.1,9.0,8.7,18.6,73802,1075.047,0
PA,42,42113,Sullivan County,"Sullivan County, Pennsylvania",COVID,2022-2023,2022,4698.4,,4698.35,,445.1,46.0,,,,22.0,14.51,13.07,55.0,29.29,2.24,62910,11.72,5.52,0.08,15.61,5.71,1.72,80.1,36.8,14.9,11.9,10.9,21.1,5880,449.939,0
PA,42,42115,Susquehanna County,"Susquehanna County, Pennsylvania",COVID,2022-2023,2022,4612.2,,4612.160000000001,,210.77,48.0,,,,16.0,14.51,46.8,48.5,24.17,2.44,63968,11.04,5.8,0.43,14.78,3.65,1.77,79.9,32.9,11.4,7.5,8.4,14.3,38540,823.496,0
PA,42,42117,Tioga County,"Tioga County, Pennsylvania",COVID,2022-2023,2022,4589.7,,4589.67,,214.33,48.0,,,,6.0,5.822,36.32,45.0,22.63,2.44,59707,11.96,4.51,0.5,15.26,3.73,1.46,79.5,38.5,12.8,10.3,9.4,18.6,41186,1133.892,0
PA,42,42119,Union County,"Union County, Pennsylvania",COVID,2022-2023,2022,3697.4,,3697.45,,129.11,48.0,,,,2.0,12.74,135.8,39.7,18.97,2.41,64914,8.7,3.46,0.27,16.96,11.2,3.08,76.6,33.7,10.7,8.3,7.7,17.5,42908,315.955,0
PA,42,42121,Venango County,"Venango County, Pennsylvania",COVID,2022-2023,2022,4780.2,,4780.15,,242.76,48.0,,,,2.0,8.378,74.86,47.6,23.7,2.31,59278,13.11,6.67,0.49,14.39,5.02,0.78,80.4,35.8,13.3,10.3,9.6,18.1,50475,674.265,0
PA,42,42123,Warren County,"Warren County, Pennsylvania",COVID,2022-2023,2022,5547.2,,5547.1900000000005,,318.95,48.0,,,,6.0,7.93,43.53,47.4,23.75,2.34,57925,11.4,4.33,0.61,13.95,4.73,1.4,79.8,34.5,12.5,9.7,9.2,18.5,38492,884.282,0
PA,42,42125,Washington County,"Washington County, Pennsylvania",COVID,2022-2023,2022,5533.1,,5533.07,,274.58,48.0,,,,12.0,8.235999999999999,244.61,44.2,21.2,2.34,74403,9.25,5.02,0.98,23.37,8.61,2.06,80.0,38.0,11.2,8.1,7.9,16.6,209631,857.01,0
PA,42,42127,Wayne County,"Wayne County, Pennsylvania",COVID,2022-2023,2022,5367.9,,5367.889999999999,,206.38,48.0,,,,2.0,9.156,70.58,48.8,24.61,2.43,59240,10.29,5.91,0.37,15.99,8.75,3.79,79.5,35.2,13.5,10.3,9.8,18.9,51227,725.769,0
PA,42,42129,Westmoreland County,"Westmoreland County, Pennsylvania",COVID,2022-2023,2022,5096.9,,5096.900000000001,,264.26,48.0,,,,4.0,7.949999999999999,344.86,47.2,23.38,2.26,69454,9.53,4.96,0.82,23.2,6.96,1.66,81.3,31.2,10.6,7.0,7.5,13.4,354414,1027.712,0
PA,42,42131,Wyoming County,"Wyoming County, Pennsylvania",COVID,2022-2023,2022,4463.7,,4463.709999999999,,231.4,48.0,,,,2.0,9.264,66.0,45.3,21.93,2.36,67968,10.87,4.46,0.18,15.48,4.88,1.47,78.4,35.7,12.4,10.4,9.1,19.2,26219,397.25,0
PA,42,42133,York County,"York County, Pennsylvania",COVID,2022-2023,2022,5954.9,,5954.89,,224.25,48.0,,,,0.0,5.291999999999999,505.38,41.0,18.17,2.51,79183,8.43,4.6,0.72,18.43,15.35,4.35,78.5,34.8,10.3,6.5,6.8,15.7,457051,904.366,1
CT,09,09110,CAPITOL,"Capitol Planning Region, Connecticut",FLU,2024-2025,2024,788.8,7708.0,,995.0,,61.0,26.0,38.27,82.8,,,951.17,39.8,17.12,2.43,88190,10.37,5.59,2.66,28.4,33.07,14.71,79.5,31.9,11.0,6.2,6.4,12.1,977165,1027.33,0
CT,09,09120,GREATER BRIDGEPORT,"Greater Bridgeport Planning Region, Connecticut",FLU,2024-2025,2024,1772.2,5784.0,,819.0,,61.0,27.0,30.33,75.9,,,2328.28,40.5,15.88,2.69,83147,12.92,7.69,6.35,28.32,34.45,20.96,77.7,28.3,9.9,5.9,5.9,11.9,326381,140.181,1
CT,09,09130,LOWER CONNECTICUT RIVER VALLEY,"Lower Connecticut River Valley Planning Region, Connecticut",FLU,2024-2025,2024,1424.3,2496.0,,352.0,,55.0,23.0,15.3,80.3,,,413.2,45.6,20.85,2.3,99742,6.26,4.11,1.13,33.31,16.11,7.98,79.3,30.3,9.4,6.3,6.6,11.1,175244,424.115,0
CT,09,09140,NAUGATUCK VALLEY,"Naugatuck Valley Planning Region, Connecticut",FLU,2024-2025,2024,1144.5,5172.0,,699.0,,58.0,23.0,30.39,77.3,,,1094.73,41.1,17.8,2.5,82939,10.08,6.37,1.6,23.6,31.05,13.39,77.5,31.5,11.0,7.1,6.8,13.3,451887,412.784,0
CT,09,09150,NORTHEASTERN CONNECTICUT,"Northeastern Connecticut Planning Region, Connecticut",FLU,2024-2025,2024,1562.4,1495.0,,202.0,,40.0,18.0,11.22,68.7,,,172.75,41.7,17.11,2.44,83119,8.73,7.45,0.13,18.03,14.82,4.67,77.8,32.6,10.3,7.7,7.0,14.6,95687,553.892,1
CT,09,09160,NORTHWEST HILLS,"Northwest Hills Planning Region, Connecticut",FLU,2024-2025,2024,820.8,925.0,,122.0,,38.0,16.0,7.62,85.2,,,143.26,45.1,20.44,2.4,87971,9.28,5.36,1.02,27.83,17.65,9.52,78.9,30.4,10.7,7.4,7.5,12.8,112696,786.642,0
CT,09,09170,SOUTH CENTRAL CONNECTICUT,"South Central Connecticut Planning Region, Connecticut",FLU,2024-2025,2024,1500.6,8573.0,,1104.0,,63.0,28.0,39.43,75.8,,,1555.95,39.9,17.5,2.42,83617,11.3,6.12,3.23,27.99,32.46,12.99,77.2,31.3,10.8,6.4,6.2,12.2,571298,367.169,0
CT,09,09180,SOUTHEASTERN CONNECTICUT,"Southeastern Connecticut Planning Region, Connecticut",FLU,2024-2025,2024,1548.7,4341.0,,494.0,,57.0,26.0,19.0,81.3,,,468.61,41.6,18.89,2.35,80330,9.5,5.32,1.36,23.86,21.1,8.23,79.9,33.6,10.8,6.9,6.6,13.3,280293,598.135,1
CT,09,09190,WESTERN CONNECTICUT,"Western Connecticut Planning Region, Connecticut",FLU,2024-2025,2024,1435.9,8912.0,,1131.0,,61.0,28.0,40.39,75.2,,,1166.41,41.1,16.22,2.66,118930,7.36,5.61,7.71,37.51,33.25,23.17,77.6,25.2,8.4,5.1,5.6,9.7,620666,532.117,0
DE,10,10001,KENT,"Kent County, Delaware",FLU,2024-2025,2024,3410.1,6220.0,,1337.0,,38.0,28.0,47.75,,,,311.23,38.5,17.62,2.59,69278,11.98,6.02,0.78,17.7,38.55,6.6,78.5,38.9,12.8,7.4,6.6,14.6,182400,586.061,1
DE,10,10003,NEW CASTLE,"New Castle County, Delaware",FLU,2024-2025,2024,2303.0,13140.0,,2449.0,,40.0,28.0,87.46,,,,1338.3,39.0,16.24,2.52,85309,10.23,5.42,2.48,26.53,41.4,11.78,77.1,37.7,13.1,6.6,6.2,14.0,570567,426.337,0
DE,10,10005,SUSSEX,"Sussex County, Delaware",FLU,2024-2025,2024,2739.5,6593.0,,1479.0,,40.0,28.0,52.82,,,,257.08,51.3,29.17,2.38,75406,11.46,5.05,0.23,23.99,21.95,7.47,82.7,38.0,14.2,9.0,9.5,13.7,240668,936.146,0
NY,36,36001,ALBANY,"Albany County, New York",FLU,2024-2025,2024,1255.4,3955.0,,447.0,,33.0,18.0,24.83,84.8,,,602.5,38.1,17.51,2.25,78829,11.94,5.25,4.62,29.87,27.9,11.41,79.6,32.2,9.1,5.1,5.7,11.4,315041,522.888,0
NY,36,36003,ALLEGANY,"Allegany County, New York",FLU,2024-2025,2024,2003.3,946.0,,95.0,,25.0,20.0,4.75,84.2,,,45.87,38.9,19.33,2.53,58725,15.32,7.31,0.2,15.55,5.61,1.74,79.5,32.7,10.7,7.8,7.8,14.8,47222,1029.435,0
NY,36,36005,BRONX,"Bronx County, New York",FLU,2024-2025,2024,3371.2,48654.0,,5434.0,,33.0,16.0,339.62,75.4,,,34219.2,35.0,13.28,2.64,47036,26.32,11.2,54.94,13.88,82.07,33.94,79.8,37.1,16.0,6.9,7.1,16.1,1443229,42.176,1
NY,36,36007,BROOME,"Broome County, New York",FLU,2024-2025,2024,1964.6,3897.0,,409.0,,32.0,19.0,21.53,90.8,,,281.11,39.7,19.74,2.31,58317,18.14,6.94,3.08,19.73,17.39,7.6,78.5,31.4,10.3,7.1,7.3,13.9,198365,705.651,0
NY,36,36009,CATTARAUGUS,"Cattaraugus County, New York",FLU,2024-2025,2024,924.7,712.0,,80.0,,25.0,20.0,4.0,86.9,,,58.86,42.5,19.94,2.36,56889,16.9,5.4,0.45,13.94,10.01,1.57,80.4,36.4,12.1,9.3,8.6,17.7,77000,1308.163,0
NY,36,36011,CAYUGA,"Cayuga County, New York",FLU,2024-2025,2024,1802.5,1373.0,,172.0,,27.0,20.0,8.6,86.7,,,110.14,43.4,20.05,2.34,63227,12.79,4.26,0.63,16.7,10.41,2.33,79.0,40.7,11.7,9.5,8.5,17.6,76171,691.587,0
NY,36,36013,CHAUTAUQUA,"Chautauqua County, New York",FLU,2024-2025,2024,1228.8,1566.0,,197.0,,28.0,20.0,9.85,92.8,,,120.18,42.8,20.81,2.29,54625,16.88,5.42,0.46,17.04,11.2,2.43,80.4,33.8,11.8,8.4,8.4,16.1,127440,1060.41,0
NY,36,36015,CHEMUNG,"Chemung County, New York",FLU,2024-2025,2024,2756.5,2304.0,,187.0,,32.0,17.0,11.0,84.7,,,205.2,41.7,19.59,2.29,61358,14.5,6.33,1.25,17.32,14.06,3.49,78.5,34.2,11.9,9.0,8.6,15.9,83584,407.333,1
NY,36,36017,CHENANGO,"Chenango County, New York",FLU,2024-2025,2024,2609.6,1229.0,,128.0,,33.0,16.0,8.0,90.8,,,52.71,44.9,21.32,2.33,61741,12.2,7.1,0.05,13.17,5.66,2.23,78.6,37.5,12.6,9.3,9.0,18.3,47096,893.443,0
NY,36,36019,CLINTON,"Clinton County, New York",FLU,2024-2025,2024,1540.6,1230.0,,144.0,,28.0,20.0,7.2,79.3,,,76.93,40.9,17.84,2.24,67097,12.01,4.66,0.17,18.8,9.7,4.87,80.8,41.1,11.4,8.1,7.3,17.5,79839,1037.751,0
NY,36,36021,COLUMBIA,"Columbia County, New York",FLU,2024-2025,2024,1335.6,821.0,,107.0,,23.0,20.0,5.35,90.4,,,96.85,49.3,24.77,2.34,81741,10.02,5.93,2.63,28.01,13.96,6.68,81.6,32.7,10.9,7.3,8.1,13.3,61469,634.663,0
NY,36,36023,CORTLAND,"Cortland County, New York",FLU,2024-2025,2024,3122.7,1460.0,,166.0,,30.0,20.0,8.3,88.1,,,93.74,36.3,16.5,2.33,65029,11.92,5.36,0.98,17.43,8.5,2.44,78.3,31.7,9.9,7.5,6.8,14.7,46755,498.774,1
NY,36,36025,DELAWARE,"Delaware County, New York",FLU,2024-2025,2024,2809.3,1254.0,,125.0,,27.0,20.0,6.25,80.8,,,30.94,48.9,25.2,2.26,58338,14.1,6.11,0.99,18.57,7.63,4.14,80.7,35.7,12.7,8.9,9.1,15.1,44637,1442.596,1
NY,36,36027,DUTCHESS,"Dutchess County, New York",FLU,2024-2025,2024,2916.0,8645.0,,908.0,,33.0,17.0,53.41,74.9,,,372.63,42.9,18.4,2.45,94578,8.15,4.97,4.22,27.73,26.72,11.14,80.8,34.1,10.1,6.0,6.6,11.8,296467,795.602,1
NY,36,36029,ERIE,"Erie County, New York",FLU,2024-2025,2024,1339.8,12745.0,,1052.0,,33.0,20.0,52.6,81.5,,,912.25,40.1,18.47,2.28,68014,13.42,4.95,3.01,25.68,24.62,7.36,81.0,32.3,10.3,6.6,6.9,14.5,951232,1042.732,0
NY,36,36031,ESSEX,"Essex County, New York",FLU,2024-2025,2024,1621.4,605.0,,81.0,,25.0,20.0,4.05,76.0,,,20.8,49.2,24.83,2.23,68090,9.84,5.07,0.51,24.17,6.86,4.07,80.1,35.9,11.4,8.1,8.6,16.2,37314,1794.122,0
NY,36,36033,FRANKLIN,"Franklin County, New York",FLU,2024-2025,2024,1862.7,884.0,,106.0,,27.0,18.0,5.89,95.0,,,29.13,41.9,18.44,2.28,60270,16.26,5.15,1.35,15.79,16.02,3.89,78.6,36.7,12.0,9.5,8.8,18.4,47459,1629.296,0
NY,36,36035,FULTON,"Fulton County, New York",FLU,2024-2025,2024,1856.2,989.0,,94.0,,32.0,20.0,4.7,82.5,,,107.54,44.2,20.15,2.35,60557,13.66,4.31,0.49,14.03,8.95,2.03,79.6,36.5,12.3,9.7,8.8,19.9,53280,495.46,0
NY,36,36037,GENESEE,"Genesee County, New York",FLU,2024-2025,2024,2097.8,1221.0,,136.0,,26.0,20.0,6.8,78.5,,,118.08,42.7,19.47,2.34,68178,10.26,4.73,0.12,16.64,9.02,2.61,78.5,35.3,11.3,8.8,8.3,16.5,58204,492.939,0
NY,36,36039,GREENE,"Greene County, New York",FLU,2024-2025,2024,1558.2,749.0,,114.0,,28.0,19.0,6.0,83.4,,,74.27,47.0,23.16,2.52,70294,9.81,2.8,1.38,20.91,13.8,5.58,79.9,32.2,10.9,7.4,7.7,14.1,48067,647.161,0
NY,36,36041,HAMILTON,"Hamilton County, New York",FLU,2024-2025,2024,1100.2,56.0,,10.0,,15.0,16.0,0.62,67.9,,,2.96,56.4,32.0,2.83,66891,10.63,4.91,0.49,18.84,7.54,1.71,82.3,37.6,14.6,11.7,11.1,17.8,5090,1717.378,0
NY,36,36043,HERKIMER,"Herkimer County, New York",FLU,2024-2025,2024,2200.9,1327.0,,148.0,,31.0,18.0,8.22,90.1,,,42.74,44.3,21.32,2.39,68104,11.84,4.16,0.21,15.95,6.61,2.54,79.8,37.8,11.4,8.6,8.2,16.5,60293,1410.586,0
NY,36,36045,JEFFERSON,"Jefferson County, New York",FLU,2024-2025,2024,2746.8,3226.0,,282.0,,33.0,19.0,14.84,82.5,,,92.63,32.8,14.19,2.44,62782,12.18,6.41,0.52,16.02,15.84,4.71,78.5,36.3,10.0,7.4,6.6,17.1,117445,1267.916,1
NY,36,36047,KINGS,"Kings County, New York",FLU,2024-2025,2024,2388.2,63995.0,,6888.0,,33.0,17.0,405.18,71.9,,,38624.04,35.9,14.5,2.64,74692,18.79,7.27,50.72,28.05,59.62,35.28,78.0,26.9,11.6,5.6,6.2,11.8,2679620,69.377,0
NY,36,36049,LEWIS,"Lewis County, New York",FLU,2024-2025,2024,2693.9,719.0,,108.0,,28.0,18.0,6.0,95.8,,,20.91,42.0,19.59,2.46,64401,12.96,5.16,1.07,13.3,4.73,1.11,79.4,36.0,11.2,8.4,8.0,16.9,26690,1276.462,0
NY,36,36051,LIVINGSTON,"Livingston County, New York",FLU,2024-2025,2024,2436.3,1510.0,,202.0,,31.0,20.0,10.1,77.4,,,98.11,41.7,18.89,2.35,70443,10.76,4.67,0.62,19.91,8.75,3.02,78.2,31.4,10.3,7.4,7.3,14.8,61980,631.762,0
NY,36,36053,MADISON,"Madison County, New York",FLU,2024-2025,2024,1930.3,1313.0,,118.0,,33.0,20.0,5.9,81.5,,,103.87,42.5,19.15,2.48,68869,8.76,4.06,0.33,18.24,8.12,2.87,79.4,33.3,9.8,7.1,7.2,14.4,68020,654.85,0
NY,36,36055,MONROE,"Monroe County, New York",FLU,2024-2025,2024,2485.6,18801.0,,2207.0,,33.0,20.0,110.35,78.8,,,1151.4,39.3,17.91,2.32,71450,13.02,5.27,1.98,28.13,27.75,8.25,77.4,35.6,10.2,5.0,6.0,11.0,756406,656.944,0
NY,36,36057,MONTGOMERY,"Montgomery County, New York",FLU,2024-2025,2024,2194.5,1089.0,,114.0,,28.0,19.0,6.0,88.6,,,123.1,40.6,18.84,2.56,58033,14.88,5.91,0.25,13.67,17.12,3.12,77.9,35.9,12.5,9.9,8.8,19.1,49624,403.111,0
NY,36,36059,NASSAU,"Nassau County, New York",FLU,2024-2025,2024,4063.4,56447.0,,6047.0,,33.0,16.0,377.94,68.4,,,4882.09,41.7,18.03,3.01,137709,5.31,4.65,13.64,33.67,37.99,22.79,81.1,27.0,10.9,4.8,6.0,9.5,1389160,284.542,1
NY,36,36061,NEW YORK,"New York County, New York",FLU,2024-2025,2024,2200.8,36222.0,,3839.0,,33.0,18.0,213.28,77.1,,,72639.55,38.5,17.27,2.04,99880,15.35,6.77,47.82,48.33,48.78,28.11,77.5,20.9,9.1,5.1,6.1,10.5,1645867,22.658,0
NY,36,36063,NIAGARA,"Niagara County, New York",FLU,2024-2025,2024,1524.8,3236.0,,334.0,,32.0,23.0,14.52,85.0,,,406.3,43.1,19.74,2.29,65882,12.74,5.78,0.95,19.43,15.09,3.95,80.8,34.8,11.3,8.4,8.0,14.7,212230,522.353,0
NY,36,36065,ONEIDA,"Oneida County, New York",FLU,2024-2025,2024,2144.5,4955.0,,499.0,,33.0,20.0,24.95,84.2,,,190.57,40.9,19.17,2.36,66402,13.79,4.43,1.5,18.9,17.26,8.71,80.2,38.1,11.1,8.0,7.7,15.1,231055,1212.443,0
NY,36,36067,ONONDAGA,"Onondaga County, New York",FLU,2024-2025,2024,2093.6,9895.0,,1053.0,,33.0,18.0,58.5,88.4,,,607.2,39.4,17.85,2.35,71479,13.34,5.65,2.37,25.36,23.28,7.9,80.7,34.7,10.9,8.0,7.4,15.3,472637,778.393,0
NY,36,36069,ONTARIO,"Ontario County, New York",FLU,2024-2025,2024,2563.1,2878.0,,394.0,,28.0,19.0,20.74,79.8,,,174.34,43.8,21.03,2.3,76603,8.73,3.96,0.46,26.53,9.6,3.93,79.4,33.5,10.5,7.0,7.2,13.4,112288,644.075,0
NY,36,36071,ORANGE,"Orange County, New York",FLU,2024-2025,2024,3334.4,13379.0,,1639.0,,33.0,17.0,96.41,77.0,,,494.09,36.8,14.14,2.89,91806,12.73,5.35,4.66,20.17,32.83,12.23,79.8,37.0,10.3,5.3,6.0,11.6,401237,812.078,1
NY,36,36073,ORLEANS,"Orleans County, New York",FLU,2024-2025,2024,2264.1,909.0,,90.0,,26.0,23.0,3.91,72.5,,,102.61,43.2,18.29,2.33,61069,11.96,6.08,0.39,13.0,12.78,2.91,79.8,36.3,10.7,7.3,7.4,15.2,40148,391.262,0
NY,36,36075,OSWEGO,"Oswego County, New York",FLU,2024-2025,2024,2332.3,2753.0,,302.0,,30.0,20.0,15.1,92.8,,,124.04,40.3,17.07,2.4,65054,16.37,7.35,0.76,14.58,6.77,2.06,78.8,38.3,10.9,8.4,7.5,16.5,118037,951.601,0
NY,36,36077,OTSEGO,"Otsego County, New York",FLU,2024-2025,2024,2186.7,1305.0,,128.0,,31.0,19.0,6.74,78.2,,,59.57,40.8,21.15,2.42,65778,11.88,4.96,0.64,22.22,8.88,3.84,80.2,33.3,10.3,7.0,7.3,12.3,59678,1001.738,0
NY,36,36079,PUTNAM,"Putnam County, New York",FLU,2024-2025,2024,4332.2,4243.0,,449.0,,33.0,18.0,24.94,68.7,,,425.37,44.1,18.28,2.73,120970,6.26,4.42,6.55,30.92,19.9,14.11,79.3,30.5,10.2,5.7,6.5,11.2,97942,230.252,1
NY,36,36081,QUEENS,"Queens County, New York",FLU,2024-2025,2024,2784.4,65736.0,,7046.0,,33.0,17.0,414.47,71.1,,,21713.94,39.9,16.49,2.85,82431,11.56,7.02,43.73,25.18,69.48,47.14,81.0,24.7,12.3,4.6,5.8,10.4,2360826,108.724,1
NY,36,36083,RENSSELAER,"Rensselaer County, New York",FLU,2024-2025,2024,1234.0,1986.0,,212.0,,33.0,20.0,10.6,83.8,,,246.67,40.0,17.63,2.34,83734,11.05,5.59,2.5,24.91,17.34,5.72,78.6,34.5,10.1,6.4,6.7,12.6,160943,652.459,0
NY,36,36085,RICHMOND,"Richmond County, New York",FLU,2024-2025,2024,2761.7,13613.0,,1160.0,,33.0,17.0,68.24,68.3,,,8569.18,40.3,16.59,2.86,96185,10.26,5.43,25.12,24.7,33.8,24.84,79.8,29.4,11.3,5.3,6.3,10.5,492925,57.523,1
NY,36,36087,ROCKLAND,"Rockland County, New York",FLU,2024-2025,2024,3488.0,11766.0,,1451.0,,33.0,17.0,85.35,72.4,,,1942.17,35.3,15.64,3.22,106173,14.88,6.22,5.62,26.25,33.04,20.69,78.4,31.4,11.6,6.3,6.6,13.1,337326,173.685,1
NY,36,36089,ST LAWRENCE,"St. Lawrence County, New York",FLU,2024-2025,2024,1221.1,1327.0,,142.0,,27.0,16.0,8.88,93.7,,,40.56,38.8,18.01,2.37,58339,15.34,6.27,0.2,15.44,7.64,3.64,78.5,35.7,11.4,8.8,7.8,17.8,108670,2679.395,0
NY,36,36091,SARATOGA,"Saratoga County, New York",FLU,2024-2025,2024,1635.4,3865.0,,439.0,,33.0,18.0,24.39,74.6,,,291.77,43.3,18.94,2.36,97038,6.45,3.54,0.66,31.37,9.74,5.55,79.0,32.6,8.9,5.5,6.5,10.5,236328,809.97,0
NY,36,36093,SCHENECTADY,"Schenectady County, New York",FLU,2024-2025,2024,1654.5,2638.0,,270.0,,32.0,19.0,14.21,78.3,,,779.05,39.7,17.47,2.42,75056,11.3,5.98,3.93,23.55,28.03,10.06,80.0,34.0,10.2,6.2,6.5,12.9,159447,204.669,0
NY,36,36095,SCHOHARIE,"Schoharie County, New York",FLU,2024-2025,2024,1635.0,490.0,,81.0,,23.0,23.0,3.52,82.9,,,48.2,45.7,23.04,2.33,71479,9.69,5.29,0.38,17.91,8.84,3.09,80.2,36.7,11.7,9.4,8.6,17.8,29970,621.819,0
NY,36,36097,SCHUYLER,"Schuyler County, New York",FLU,2024-2025,2024,2156.3,385.0,,39.0,,26.0,14.0,2.79,87.3,,,54.38,47.3,22.06,2.36,61316,15.58,5.67,0.19,18.21,5.67,1.83,79.8,37.6,12.3,9.6,8.9,19.0,17855,328.343,0
NY,36,36099,SENECA,"Seneca County, New York",FLU,2024-2025,2024,1750.3,589.0,,63.0,,27.0,20.0,3.15,75.0,,,103.96,43.0,20.17,2.3,64050,12.31,4.51,0.38,16.06,10.45,2.36,79.5,37.5,11.3,8.4,8.1,15.8,33651,323.698,0
NY,36,36101,STEUBEN,"Steuben County, New York",FLU,2024-2025,2024,2483.3,2324.0,,232.0,,28.0,18.0,12.89,90.3,,,67.3,42.8,19.97,2.35,62506,13.24,6.31,0.4,18.37,6.94,3.29,79.3,36.1,10.9,7.6,7.7,14.9,93584,1390.508,0
NY,36,36103,SUFFOLK,"Suffolk County, New York",FLU,2024-2025,2024,3739.8,57012.0,,6337.0,,33.0,18.0,352.06,72.3,,,1673.56,41.7,17.28,2.93,122498,6.38,4.76,5.3,27.32,27.07,15.98,78.3,29.8,10.0,5.7,6.6,10.6,1524486,910.922,1
NY,36,36105,SULLIVAN,"Sullivan County, New York",FLU,2024-2025,2024,3599.9,2834.0,,355.0,,33.0,18.0,19.72,83.2,,,81.32,41.9,18.93,2.47,67841,14.24,7.2,1.1,19.6,25.36,10.51,78.9,34.9,12.8,8.0,8.0,15.1,78725,968.145,1
NY,36,36107,TIOGA,"Tioga County, New York",FLU,2024-2025,2024,2325.0,1124.0,,105.0,,30.0,20.0,5.25,92.0,,,93.19,44.7,20.85,2.35,70427,10.03,5.59,0.24,18.91,5.55,2.01,79.5,35.5,11.0,7.6,8.0,14.0,48344,518.767,0
NY,36,36109,TOMPKINS,"Tompkins County, New York",FLU,2024-2025,2024,1495.8,1534.0,,123.0,,33.0,18.0,6.83,82.3,,,216.07,32.6,15.68,2.06,69995,13.88,4.69,6.05,34.28,21.82,12.96,77.3,29.6,7.7,5.0,5.4,11.0,102555,474.642,0
NY,36,36111,ULSTER,"Ulster County, New York",FLU,2024-2025,2024,2051.0,3736.0,,418.0,,33.0,18.0,23.22,77.2,,,162.02,44.2,20.46,2.34,77197,14.13,5.05,2.29,26.2,21.78,7.76,79.5,31.7,10.8,7.2,7.2,13.3,182153,1124.236,0
NY,36,36113,WARREN,"Warren County, New York",FLU,2024-2025,2024,1376.3,904.0,,113.0,,31.0,18.0,6.28,77.9,,,75.74,46.7,23.03,2.17,74531,8.54,4.2,0.73,25.39,6.56,3.47,79.8,34.7,11.0,8.6,8.0,17.0,65684,867.222,0
NY,36,36115,WASHINGTON,"Washington County, New York",FLU,2024-2025,2024,1797.4,1102.0,,127.0,,31.0,18.0,7.06,74.8,,,73.76,44.6,20.41,2.41,68703,10.83,5.13,0.38,15.6,7.94,2.84,79.4,36.1,11.3,8.1,7.9,15.1,61310,831.19,0
NY,36,36117,WAYNE,"Wayne County, New York",FLU,2024-2025,2024,3147.0,2874.0,,362.0,,33.0,20.0,18.1,74.8,,,151.24,43.6,19.72,2.37,71007,10.9,4.29,0.28,17.86,10.22,2.63,79.6,37.2,10.8,7.3,7.4,14.4,91324,603.83,1
NY,36,36119,WESTCHESTER,"Westchester County, New York",FLU,2024-2025,2024,4261.1,42522.0,,4331.0,,33.0,18.0,240.61,70.2,,,2316.31,41.3,17.48,2.64,114651,8.36,6.04,18.6,36.05,42.69,25.58,78.9,26.7,9.8,5.3,6.2,9.4,997904,430.817,1
NY,36,36121,WYOMING,"Wyoming County, New York",FLU,2024-2025,2024,1616.3,652.0,,63.0,,28.0,21.0,3.0,79.0,,,68.05,42.9,19.13,2.34,65066,10.01,4.08,0.63,13.33,10.19,2.19,78.8,35.8,10.8,7.6,7.6,16.3,40338,592.752,0
NY,36,36123,YATES,"Yates County, New York",FLU,2024-2025,2024,2079.9,514.0,,71.0,,21.0,20.0,3.55,88.7,,,73.09,41.7,21.48,2.64,63974,13.54,3.23,0.02,16.29,4.17,1.58,79.0,35.0,12.0,9.4,8.8,17.2,24713,338.139,0
PA,42,42001,ADAMS,"Adams County, Pennsylvania",FLU,2025-2026,2025,1163.4,1217.0,,,,,,,,,,201.67,43.8,20.89,2.51,78975,7.56,3.4,0.22,17.14,8.46,3.38,79.4,36.5,10.9,7.7,7.6,15.7,104604,518.69,0
PA,42,42003,ALLEGHENY,"Allegheny County, Pennsylvania",FLU,2025-2026,2025,983.6,12249.0,,,,,,,,,,1706.01,40.6,19.47,2.22,72537,10.81,4.95,6.87,31.78,22.18,6.19,78.2,31.7,11.0,7.2,7.1,14.7,1245310,729.953,0
PA,42,42005,ARMSTRONG,"Armstrong County, Pennsylvania",FLU,2025-2026,2025,755.3,495.0,,,,,,,,,,100.32,47.0,22.88,2.33,61011,10.26,5.08,0.3,13.79,3.7,0.61,78.8,37.9,12.3,9.8,8.8,19.6,65538,653.321,0
PA,42,42007,BEAVER,"Beaver County, Pennsylvania",FLU,2025-2026,2025,516.6,866.0,,,,,,,,,,385.62,44.9,21.97,2.29,67194,10.26,5.6,1.58,19.66,11.39,2.11,79.5,37.4,11.8,8.4,8.2,15.5,167629,434.695,0
PA,42,42009,BEDFORD,"Bedford County, Pennsylvania",FLU,2025-2026,2025,1623.5,773.0,,,,,,,,,,47.04,47.3,23.01,2.41,58337,10.65,4.27,0.62,11.8,3.49,1.02,79.3,34.9,12.6,9.9,9.5,18.2,47613,1012.244,1
PA,42,42011,BERKS,"Berks County, Pennsylvania",FLU,2025-2026,2025,897.8,3847.0,,,,,,,,,,500.33,39.9,17.54,2.58,74617,11.46,5.38,1.21,18.29,24.64,8.13,79.0,34.8,11.5,7.5,7.6,14.8,428483,856.403,0
PA,42,42013,BLAIR,"Blair County, Pennsylvania",FLU,2025-2026,2025,964.6,1183.0,,,,,,,,,,233.47,42.9,20.89,2.35,59386,12.83,4.18,0.74,16.7,6.0,1.22,78.7,36.0,12.7,10.2,9.2,19.2,122640,525.291,0
PA,42,42015,BRADFORD,"Bradford County, Pennsylvania",FLU,2025-2026,2025,2202.5,1325.0,,,,,,,,,,52.43,43.9,21.74,2.44,60650,12.98,4.79,0.11,14.16,4.55,1.96,79.9,34.7,12.2,9.0,8.9,16.1,60159,1147.376,1
PA,42,42017,BUCKS,"Bucks County, Pennsylvania",FLU,2025-2026,2025,753.3,4860.0,,,,,,,,,,1067.5,44.0,19.46,2.58,107826,5.55,4.64,2.29,31.15,16.23,10.16,78.4,30.4,11.1,7.6,7.4,15.5,645163,604.367,0
PA,42,42019,BUTLER,"Butler County, Pennsylvania",FLU,2025-2026,2025,834.7,1624.0,,,,,,,,,,246.44,43.4,19.65,2.38,82932,7.67,4.65,0.42,27.5,5.55,2.25,80.0,32.3,9.7,6.2,6.7,12.2,194562,789.486,0
PA,42,42021,CAMBRIA,"Cambria County, Pennsylvania",FLU,2025-2026,2025,2679.7,3571.0,,,,,,,,,,193.83,45.6,23.12,2.28,54221,13.69,4.95,0.98,16.31,7.78,1.03,79.9,36.6,12.6,9.7,9.1,18.1,133263,687.51,1
PA,42,42023,CAMERON,"Cameron County, Pennsylvania",FLU,2025-2026,2025,815.7,37.0,,,,,,,,,,11.45,51.8,27.98,2.03,46186,14.86,7.13,0.0,8.33,4.96,0.73,81.3,37.9,15.4,12.3,11.5,20.8,4536,396.233,0
PA,42,42025,CARBON,"Carbon County, Pennsylvania",FLU,2025-2026,2025,1971.8,1282.0,,,,,,,,,,170.51,46.3,21.58,2.41,64538,11.61,6.92,0.27,13.55,8.25,3.55,79.2,34.7,12.4,9.3,8.7,17.6,65018,381.324,1
PA,42,42027,CENTRE,"Centre County, Pennsylvania",FLU,2025-2026,2025,1490.6,2365.0,,,,,,,,,,143.3,33.3,15.07,2.39,70087,14.95,3.97,4.04,28.3,14.2,8.33,76.9,31.5,8.7,6.5,6.0,15.1,158665,1107.259,0
PA,42,42029,CHESTER,"Chester County, Pennsylvania",FLU,2025-2026,2025,1157.2,6208.0,,,,,,,,,,714.78,40.7,16.97,2.6,118574,5.81,3.96,1.62,38.44,19.54,9.66,77.3,29.6,9.2,5.1,5.9,10.6,536474,750.546,0
PA,42,42031,CLARION,"Clarion County, Pennsylvania",FLU,2025-2026,2025,432.1,162.0,,,,,,,,,,62.39,41.5,20.05,2.43,58690,13.18,5.55,0.3,15.46,4.73,0.86,77.7,34.5,11.3,8.9,8.3,18.0,37489,600.836,0
PA,42,42033,CLEARFIELD,"Clearfield County, Pennsylvania",FLU,2025-2026,2025,870.7,694.0,,,,,,,,,,69.6,45.2,21.07,2.36,56982,12.89,6.02,0.18,14.27,6.74,1.97,78.8,37.2,13.0,10.6,9.3,20.0,79707,1145.16,0
PA,42,42035,CLINTON,"Clinton County, Pennsylvania",FLU,2025-2026,2025,1032.8,391.0,,,,,,,,,,42.56,39.8,19.31,2.44,59011,12.6,5.35,0.35,13.4,5.06,1.51,78.0,33.7,10.8,8.6,7.6,18.4,37860,889.63,0
PA,42,42037,COLUMBIA,"Columbia County, Pennsylvania",FLU,2025-2026,2025,1441.7,936.0,,,,,,,,,,134.36,41.3,19.94,2.36,59457,14.34,4.76,0.33,17.07,6.89,2.35,78.9,36.0,11.1,8.5,8.0,16.4,64924,483.222,0
PA,42,42039,CRAWFORD,"Crawford County, Pennsylvania",FLU,2025-2026,2025,1462.9,1227.0,,,,,,,,,,82.85,43.6,21.56,2.42,58734,12.17,5.64,0.64,14.46,5.82,1.27,79.1,37.4,12.2,9.6,8.7,19.5,83876,1012.355,0
PA,42,42041,CUMBERLAND,"Cumberland County, Pennsylvania",FLU,2025-2026,2025,1728.1,4515.0,,,,,,,,,,478.97,40.3,18.66,2.38,82849,7.35,3.68,0.43,26.93,15.35,6.69,78.6,32.8,10.2,6.9,6.7,14.1,261269,545.482,1
PA,42,42043,DAUPHIN,"Dauphin County, Pennsylvania",FLU,2025-2026,2025,1240.4,3549.0,,,,,,,,,,545.1,39.4,17.45,2.37,71046,11.97,4.32,1.5,23.08,33.48,8.68,79.3,34.1,12.2,7.9,7.5,17.1,286108,524.87,0
PA,42,42045,DELAWARE,"Delaware County, Pennsylvania",FLU,2025-2026,2025,893.1,5138.0,,,,,,,,,,3129.91,39.0,16.75,2.56,86390,9.31,6.79,7.44,27.83,34.27,10.76,79.6,30.9,10.8,5.5,6.1,12.5,575312,183.811,0
PA,42,42047,ELK,"Elk County, Pennsylvania",FLU,2025-2026,2025,663.7,205.0,,,,,,,,,,37.35,48.2,22.75,2.26,61672,8.85,6.5,0.43,13.6,3.99,0.91,79.8,38.3,12.7,10.1,9.3,17.9,30886,826.901,0
PA,42,42049,ERIE,"Erie County, Pennsylvania",FLU,2025-2026,2025,1895.8,5128.0,,,,,,,,,,338.58,39.9,18.75,2.35,59396,14.66,5.47,1.4,20.41,15.86,4.38,80.4,36.5,11.6,8.5,8.2,17.8,270495,798.901,1
PA,42,42051,FAYETTE,"Fayette County, Pennsylvania",FLU,2025-2026,2025,887.0,1139.0,,,,,,,,,,162.4,45.2,21.84,2.25,55579,15.64,7.21,1.2,13.74,9.52,1.6,80.6,34.7,13.2,10.7,9.0,20.7,128417,790.758,0
PA,42,42053,FOREST,"Forest County, Pennsylvania",FLU,2025-2026,2025,215.5,15.0,,,,,,,,,,16.29,46.2,22.89,2.49,46188,12.66,4.29,0.0,9.51,28.41,3.25,77.6,39.7,13.6,10.0,9.3,21.8,6959,427.259,0
PA,42,42055,FRANKLIN,"Franklin County, Pennsylvania",FLU,2025-2026,2025,888.0,1386.0,,,,,,,,,,202.1,42.2,19.8,2.46,71808,8.88,3.42,0.22,16.21,10.64,3.71,78.6,38.9,11.5,8.3,7.8,18.5,156084,772.299,0
PA,42,42057,FULTON,"Fulton County, Pennsylvania",FLU,2025-2026,2025,1608.8,234.0,,,,,,,,,,33.24,45.7,21.84,2.37,63153,10.66,3.7,0.25,11.86,5.25,0.78,79.1,35.6,11.6,8.6,8.4,17.2,14545,437.551,1
PA,42,42059,GREENE,"Greene County, Pennsylvania",FLU,2025-2026,2025,377.3,135.0,,,,,,,,,,62.13,43.1,19.72,2.33,66283,11.76,5.17,0.24,15.07,7.53,0.68,78.8,35.6,12.0,9.6,8.7,18.7,35781,575.932,0
PA,42,42061,HUNTINGDON,"Huntingdon County, Pennsylvania",FLU,2025-2026,2025,1557.0,687.0,,,,,,,,,,50.45,43.6,21.17,2.48,61300,10.02,5.09,0.12,13.09,9.46,1.02,78.4,35.0,11.5,8.4,8.1,18.8,44123,874.592,1
PA,42,42063,INDIANA,"Indiana County, Pennsylvania",FLU,2025-2026,2025,530.0,442.0,,,,,,,,,,100.79,39.6,19.74,2.41,57170,12.11,6.46,0.24,17.09,6.89,1.82,79.5,37.7,10.9,8.2,7.9,15.4,83394,827.405,0
PA,42,42065,JEFFERSON,"Jefferson County, Pennsylvania",FLU,2025-2026,2025,388.0,172.0,,,,,,,,,,67.94,43.7,21.33,2.42,56607,13.84,5.37,0.59,12.1,3.18,0.45,78.5,35.7,12.6,10.2,9.3,20.2,44326,652.439,0
PA,42,42067,JUNIATA,"Juniata County, Pennsylvania",FLU,2025-2026,2025,764.8,180.0,,,,,,,,,,60.13,42.7,20.56,2.63,61915,8.85,3.13,0.13,10.05,5.86,2.5,78.5,36.0,12.3,9.6,8.8,18.8,23535,391.391,0
PA,42,42069,LACKAWANNA,"Lackawanna County, Pennsylvania",FLU,2025-2026,2025,1278.8,2758.0,,,,,,,,,,469.99,41.9,20.01,2.36,63739,12.52,4.82,0.97,21.07,14.74,5.76,78.9,32.8,11.5,8.1,7.7,16.5,215672,458.886,0
PA,42,42071,LANCASTER,"Lancaster County, Pennsylvania",FLU,2025-2026,2025,1426.8,7893.0,,,,,,,,,,586.07,39.0,18.81,2.58,81458,7.99,3.38,0.81,20.68,15.58,5.5,77.9,35.1,10.6,7.3,7.4,15.2,553202,943.924,0
PA,42,42073,LAWRENCE,"Lawrence County, Pennsylvania",FLU,2025-2026,2025,586.7,504.0,,,,,,,,,,240.38,45.0,22.53,2.33,57585,12.02,6.78,0.56,15.85,8.69,1.41,80.3,35.5,12.5,9.2,8.8,17.7,85907,357.373,0
PA,42,42075,LEBANON,"Lebanon County, Pennsylvania",FLU,2025-2026,2025,1202.0,1722.0,,,,,,,,,,395.92,41.3,19.85,2.53,72532,10.62,4.4,0.64,15.71,16.82,4.26,79.1,36.8,11.5,7.7,7.8,15.2,143258,361.835,0
PA,42,42077,LEHIGH,"Lehigh County, Pennsylvania",FLU,2025-2026,2025,1894.1,7086.0,,,,,,,,,,1083.31,38.9,16.94,2.57,74973,11.65,5.77,1.6,22.06,30.5,12.91,78.1,34.0,11.6,7.2,7.0,16.0,374110,345.341,1
PA,42,42079,LUZERNE,"Luzerne County, Pennsylvania",FLU,2025-2026,2025,1409.7,4587.0,,,,,,,,,,365.66,42.2,19.84,2.37,60836,14.39,5.86,0.8,17.44,19.42,8.3,78.9,38.2,12.0,8.5,8.0,17.5,325396,889.876,0
PA,42,42081,LYCOMING,"Lycoming County, Pennsylvania",FLU,2025-2026,2025,1298.9,1481.0,,,,,,,,,,92.78,41.4,19.96,2.36,63437,11.77,5.31,0.99,17.13,10.25,2.03,79.3,35.5,11.4,8.5,8.0,16.5,114022,1228.92,0
PA,42,42083,MCKEAN,"McKean County, Pennsylvania",FLU,2025-2026,2025,706.9,286.0,,,,,,,,,,41.3,43.8,20.02,2.37,57861,13.21,5.28,0.47,13.89,6.06,1.81,79.6,35.9,11.8,8.8,8.4,16.0,40459,979.694,0
PA,42,42085,MERCER,"Mercer County, Pennsylvania",FLU,2025-2026,2025,809.2,895.0,,,,,,,,,,164.45,45.0,22.4,2.26,57353,12.67,5.48,0.18,17.2,10.59,1.64,80.3,34.8,11.6,8.8,8.4,16.8,110600,672.538,0
PA,42,42087,MIFFLIN,"Mifflin County, Pennsylvania",FLU,2025-2026,2025,1432.4,661.0,,,,,,,,,,112.27,43.3,21.63,2.44,58012,16.41,3.91,0.2,9.23,5.2,0.78,79.5,38.3,13.0,10.3,9.3,20.8,46146,411.037,0
PA,42,42089,MONROE,"Monroe County, Pennsylvania",FLU,2025-2026,2025,2193.6,3688.0,,,,,,,,,,276.36,43.5,18.27,2.8,80656,11.13,6.31,3.49,18.77,30.57,10.22,80.2,37.5,12.6,7.5,7.4,15.8,168128,608.356,1
PA,42,42091,MONTGOMERY,"Montgomery County, Pennsylvania",FLU,2025-2026,2025,712.2,6099.0,,,,,,,,,,1773.19,41.2,18.15,2.53,107441,6.11,4.53,3.37,36.23,24.08,10.94,78.2,31.5,10.3,6.6,6.7,12.5,856399,482.971,0
PA,42,42093,MONTOUR,"Montour County, Pennsylvania",FLU,2025-2026,2025,1745.1,317.0,,,,,,,,,,139.38,43.2,20.99,2.28,72626,8.31,2.4,0.09,26.63,8.6,5.06,78.8,35.3,12.0,8.9,8.4,16.8,18165,130.331,1
PA,42,42095,NORTHAMPTON,"Northampton County, Pennsylvania",FLU,2025-2026,2025,1837.4,5775.0,,,,,,,,,,849.94,41.9,19.54,2.51,82201,8.83,4.65,1.29,23.0,21.09,8.25,77.7,33.0,10.9,6.9,7.1,14.6,314299,369.788,1
PA,42,42097,NORTHUMBERLAND,"Northumberland County, Pennsylvania",FLU,2025-2026,2025,1495.5,1366.0,,,,,,,,,,199.57,44.5,21.6,2.32,55952,11.9,4.74,0.38,13.53,7.96,1.23,79.2,37.9,12.5,9.7,8.8,19.2,91340,457.678,1
PA,42,42099,PERRY,"Perry County, Pennsylvania",FLU,2025-2026,2025,966.5,444.0,,,,,,,,,,83.31,43.7,19.37,2.51,76103,8.08,3.39,0.19,13.15,4.87,1.21,78.0,35.1,11.2,8.7,8.1,17.8,45941,551.449,0
PA,42,42101,PHILADELPHIA,"Philadelphia County, Pennsylvania",FLU,2025-2026,2025,792.7,12630.0,,,,,,,,,,11858.11,34.8,14.01,2.34,57537,22.08,8.65,19.8,22.99,62.91,14.61,78.8,34.2,14.6,8.3,7.1,18.4,1593208,134.356,0
PA,42,42103,PIKE,"Pike County, Pennsylvania",FLU,2025-2026,2025,910.2,537.0,,,,,,,,,,108.27,48.9,22.99,2.47,76416,9.92,8.5,1.76,20.63,17.71,7.49,80.3,34.0,12.4,7.7,8.2,14.6,58996,544.895,0
PA,42,42105,POTTER,"Potter County, Pennsylvania",FLU,2025-2026,2025,2538.1,416.0,,,,,,,,,,15.16,48.1,24.87,2.45,56491,12.05,4.84,0.21,12.15,3.7,1.31,80.3,38.1,13.2,9.7,9.4,18.2,16390,1081.249,1
PA,42,42107,SCHUYLKILL,"Schuylkill County, Pennsylvania",FLU,2025-2026,2025,1650.1,2363.0,,,,,,,,,,183.93,44.2,20.65,2.39,63574,11.75,5.31,0.43,13.47,9.14,2.21,78.4,39.0,12.5,9.8,8.7,19.9,143201,778.579,1
PA,42,42109,SNYDER,"Snyder County, Pennsylvania",FLU,2025-2026,2025,1153.4,459.0,,,,,,,,,,121.04,40.0,19.83,2.57,65914,7.79,2.18,0.3,14.03,4.54,1.12,78.7,35.5,11.3,8.4,7.9,15.3,39797,328.784,0
PA,42,42111,SOMERSET,"Somerset County, Pennsylvania",FLU,2025-2026,2025,806.2,595.0,,,,,,,,,,68.65,46.7,23.08,2.4,57357,10.18,5.19,0.12,12.89,5.33,1.04,79.3,36.5,12.1,9.0,8.7,18.6,73802,1075.047,0
PA,42,42113,SULLIVAN,"Sullivan County, Pennsylvania",FLU,2025-2026,2025,850.3,50.0,,,,,,,,,,13.07,55.0,29.29,2.24,62910,11.72,5.52,0.08,15.61,5.71,1.72,80.1,36.8,14.9,11.9,10.9,21.1,5880,449.939,0
PA,42,42115,SUSQUEHANNA,"Susquehanna County, Pennsylvania",FLU,2025-2026,2025,695.4,268.0,,,,,,,,,,46.8,48.5,24.17,2.44,63968,11.04,5.8,0.43,14.78,3.65,1.77,79.9,32.9,11.4,7.5,8.4,14.3,38540,823.496,0
PA,42,42117,TIOGA,"Tioga County, Pennsylvania",FLU,2025-2026,2025,1760.3,725.0,,,,,,,,,,36.32,45.0,22.63,2.44,59707,11.96,4.51,0.5,15.26,3.73,1.46,79.5,38.5,12.8,10.3,9.4,18.6,41186,1133.892,1
PA,42,42119,UNION,"Union County, Pennsylvania",FLU,2025-2026,2025,971.8,417.0,,,,,,,,,,135.8,39.7,18.97,2.41,64914,8.7,3.46,0.27,16.96,11.2,3.08,76.6,33.7,10.7,8.3,7.7,17.5,42908,315.955,0
PA,42,42121,VENANGO,"Venango County, Pennsylvania",FLU,2025-2026,2025,782.6,395.0,,,,,,,,,,74.86,47.6,23.7,2.31,59278,13.11,6.67,0.49,14.39,5.02,0.78,80.4,35.8,13.3,10.3,9.6,18.1,50475,674.265,0
PA,42,42123,WARREN,"Warren County, Pennsylvania",FLU,2025-2026,2025,1187.3,457.0,,,,,,,,,,43.53,47.4,23.75,2.34,57925,11.4,4.33,0.61,13.95,4.73,1.4,79.8,34.5,12.5,9.7,9.2,18.5,38492,884.282,0
PA,42,42125,WASHINGTON,"Washington County, Pennsylvania",FLU,2025-2026,2025,592.9,1243.0,,,,,,,,,,244.61,44.2,21.2,2.34,74403,9.25,5.02,0.98,23.37,8.61,2.06,80.0,38.0,11.2,8.1,7.9,16.6,209631,857.01,0
PA,42,42127,WAYNE,"Wayne County, Pennsylvania",FLU,2025-2026,2025,3006.2,1540.0,,,,,,,,,,70.58,48.8,24.61,2.43,59240,10.29,5.91,0.37,15.99,8.75,3.79,79.5,35.2,13.5,10.3,9.8,18.9,51227,725.769,1
PA,42,42129,WESTMORELAND,"Westmoreland County, Pennsylvania",FLU,2025-2026,2025,906.6,3213.0,,,,,,,,,,344.86,47.2,23.38,2.26,69454,9.53,4.96,0.82,23.2,6.96,1.66,81.3,31.2,10.6,7.0,7.5,13.4,354414,1027.712,0
PA,42,42131,WYOMING,"Wyoming County, Pennsylvania",FLU,2025-2026,2025,800.9,210.0,,,,,,,,,,66.0,45.3,21.93,2.36,67968,10.87,4.46,0.18,15.48,4.88,1.47,78.4,35.7,12.4,10.4,9.1,19.2,26219,397.25,0
PA,42,42133,YORK,"York County, Pennsylvania",FLU,2025-2026,2025,825.9,3775.0,,,,,,,,,,505.38,41.0,18.17,2.51,79183,8.43,4.6,0.72,18.43,15.35,4.35,78.5,34.8,10.3,6.5,6.8,15.7,457051,904.366,0
CT,09,09110,CAPITOL,"Capitol Planning Region, Connecticut",RSV,2024-2025,2024,201.9,1973.0,,,,,,,,,,951.17,39.8,17.12,2.43,88190,10.37,5.59,2.66,28.4,33.07,14.71,79.5,31.9,11.0,6.2,6.4,12.1,977165,1027.33,0
CT,09,09120,GREATER BRIDGEPORT,"Greater Bridgeport Planning Region, Connecticut",RSV,2024-2025,2024,439.4,1434.0,,,,,,,,,,2328.28,40.5,15.88,2.69,83147,12.92,7.69,6.35,28.32,34.45,20.96,77.7,28.3,9.9,5.9,5.9,11.9,326381,140.181,1
CT,09,09130,LOWER CONNECTICUT RIVER VALLEY,"Lower Connecticut River Valley Planning Region, Connecticut",RSV,2024-2025,2024,329.8,578.0,,,,,,,,,,413.2,45.6,20.85,2.3,99742,6.26,4.11,1.13,33.31,16.11,7.98,79.3,30.3,9.4,6.3,6.6,11.1,175244,424.115,0
CT,09,09140,NAUGATUCK VALLEY,"Naugatuck Valley Planning Region, Connecticut",RSV,2024-2025,2024,313.4,1416.0,,,,,,,,,,1094.73,41.1,17.8,2.5,82939,10.08,6.37,1.6,23.6,31.05,13.39,77.5,31.5,11.0,7.1,6.8,13.3,451887,412.784,0
CT,09,09150,NORTHEASTERN CONNECTICUT,"Northeastern Connecticut Planning Region, Connecticut",RSV,2024-2025,2024,391.9,375.0,,,,,,,,,,172.75,41.7,17.11,2.44,83119,8.73,7.45,0.13,18.03,14.82,4.67,77.8,32.6,10.3,7.7,7.0,14.6,95687,553.892,1
CT,09,09160,NORTHWEST HILLS,"Northwest Hills Planning Region, Connecticut",RSV,2024-2025,2024,236.9,267.0,,,,,,,,,,143.26,45.1,20.44,2.4,87971,9.28,5.36,1.02,27.83,17.65,9.52,78.9,30.4,10.7,7.4,7.5,12.8,112696,786.642,0
CT,09,09170,SOUTH CENTRAL CONNECTICUT,"South Central Connecticut Planning Region, Connecticut",RSV,2024-2025,2024,317.9,1816.0,,,,,,,,,,1555.95,39.9,17.5,2.42,83617,11.3,6.12,3.23,27.99,32.46,12.99,77.2,31.3,10.8,6.4,6.2,12.2,571298,367.169,0
CT,09,09180,SOUTHEASTERN CONNECTICUT,"Southeastern Connecticut Planning Region, Connecticut",RSV,2024-2025,2024,367.8,1031.0,,,,,,,,,,468.61,41.6,18.89,2.35,80330,9.5,5.32,1.36,23.86,21.1,8.23,79.9,33.6,10.8,6.9,6.6,13.3,280293,598.135,1
CT,09,09190,WESTERN CONNECTICUT,"Western Connecticut Planning Region, Connecticut",RSV,2024-2025,2024,348.5,2163.0,,,,,,,,,,1166.41,41.1,16.22,2.66,118930,7.36,5.61,7.71,37.51,33.25,23.17,77.6,25.2,8.4,5.1,5.6,9.7,620666,532.117,0
PA,42,42001,ADAMS,"Adams County, Pennsylvania",RSV,2025-2026,2025,278.2,291.0,,,,,,,,,,201.67,43.8,20.89,2.51,78975,7.56,3.4,0.22,17.14,8.46,3.38,79.4,36.5,10.9,7.7,7.6,15.7,104604,518.69,0
PA,42,42003,ALLEGHENY,"Allegheny County, Pennsylvania",RSV,2025-2026,2025,164.1,2043.0,,,,,,,,,,1706.01,40.6,19.47,2.22,72537,10.81,4.95,6.87,31.78,22.18,6.19,78.2,31.7,11.0,7.2,7.1,14.7,1245310,729.953,0
PA,42,42005,ARMSTRONG,"Armstrong County, Pennsylvania",RSV,2025-2026,2025,134.3,88.0,,,,,,,,,,100.32,47.0,22.88,2.33,61011,10.26,5.08,0.3,13.79,3.7,0.61,78.8,37.9,12.3,9.8,8.8,19.6,65538,653.321,0
PA,42,42007,BEAVER,"Beaver County, Pennsylvania",RSV,2025-2026,2025,136.6,229.0,,,,,,,,,,385.62,44.9,21.97,2.29,67194,10.26,5.6,1.58,19.66,11.39,2.11,79.5,37.4,11.8,8.4,8.2,15.5,167629,434.695,0
PA,42,42009,BEDFORD,"Bedford County, Pennsylvania",RSV,2025-2026,2025,205.8,98.0,,,,,,,,,,47.04,47.3,23.01,2.41,58337,10.65,4.27,0.62,11.8,3.49,1.02,79.3,34.9,12.6,9.9,9.5,18.2,47613,1012.244,0
PA,42,42011,BERKS,"Berks County, Pennsylvania",RSV,2025-2026,2025,254.6,1091.0,,,,,,,,,,500.33,39.9,17.54,2.58,74617,11.46,5.38,1.21,18.29,24.64,8.13,79.0,34.8,11.5,7.5,7.6,14.8,428483,856.403,0
PA,42,42013,BLAIR,"Blair County, Pennsylvania",RSV,2025-2026,2025,121.5,149.0,,,,,,,,,,233.47,42.9,20.89,2.35,59386,12.83,4.18,0.74,16.7,6.0,1.22,78.7,36.0,12.7,10.2,9.2,19.2,122640,525.291,0
PA,42,42015,BRADFORD,"Bradford County, Pennsylvania",RSV,2025-2026,2025,876.0,527.0,,,,,,,,,,52.43,43.9,21.74,2.44,60650,12.98,4.79,0.11,14.16,4.55,1.96,79.9,34.7,12.2,9.0,8.9,16.1,60159,1147.376,1
PA,42,42017,BUCKS,"Bucks County, Pennsylvania",RSV,2025-2026,2025,152.2,982.0,,,,,,,,,,1067.5,44.0,19.46,2.58,107826,5.55,4.64,2.29,31.15,16.23,10.16,78.4,30.4,11.1,7.6,7.4,15.5,645163,604.367,0
PA,42,42019,BUTLER,"Butler County, Pennsylvania",RSV,2025-2026,2025,118.7,231.0,,,,,,,,,,246.44,43.4,19.65,2.38,82932,7.67,4.65,0.42,27.5,5.55,2.25,80.0,32.3,9.7,6.2,6.7,12.2,194562,789.486,0
PA,42,42021,CAMBRIA,"Cambria County, Pennsylvania",RSV,2025-2026,2025,260.4,347.0,,,,,,,,,,193.83,45.6,23.12,2.28,54221,13.69,4.95,0.98,16.31,7.78,1.03,79.9,36.6,12.6,9.7,9.1,18.1,133263,687.51,0
PA,42,42023,CAMERON,"Cameron County, Pennsylvania",RSV,2025-2026,2025,0.0,0.0,,,,,,,,,,11.45,51.8,27.98,2.03,46186,14.86,7.13,0.0,8.33,4.96,0.73,81.3,37.9,15.4,12.3,11.5,20.8,4536,396.233,0
PA,42,42025,CARBON,"Carbon County, Pennsylvania",RSV,2025-2026,2025,219.9,143.0,,,,,,,,,,170.51,46.3,21.58,2.41,64538,11.61,6.92,0.27,13.55,8.25,3.55,79.2,34.7,12.4,9.3,8.7,17.6,65018,381.324,0
PA,42,42027,CENTRE,"Centre County, Pennsylvania",RSV,2025-2026,2025,215.5,342.0,,,,,,,,,,143.3,33.3,15.07,2.39,70087,14.95,3.97,4.04,28.3,14.2,8.33,76.9,31.5,8.7,6.5,6.0,15.1,158665,1107.259,0
PA,42,42029,CHESTER,"Chester County, Pennsylvania",RSV,2025-2026,2025,224.4,1204.0,,,,,,,,,,714.78,40.7,16.97,2.6,118574,5.81,3.96,1.62,38.44,19.54,9.66,77.3,29.6,9.2,5.1,5.9,10.6,536474,750.546,0
PA,42,42031,CLARION,"Clarion County, Pennsylvania",RSV,2025-2026,2025,66.7,25.0,,,,,,,,,,62.39,41.5,20.05,2.43,58690,13.18,5.55,0.3,15.46,4.73,0.86,77.7,34.5,11.3,8.9,8.3,18.0,37489,600.836,0
PA,42,42033,CLEARFIELD,"Clearfield County, Pennsylvania",RSV,2025-2026,2025,144.3,115.0,,,,,,,,,,69.6,45.2,21.07,2.36,56982,12.89,6.02,0.18,14.27,6.74,1.97,78.8,37.2,13.0,10.6,9.3,20.0,79707,1145.16,0
PA,42,42035,CLINTON,"Clinton County, Pennsylvania",RSV,2025-2026,2025,412.0,156.0,,,,,,,,,,42.56,39.8,19.31,2.44,59011,12.6,5.35,0.35,13.4,5.06,1.51,78.0,33.7,10.8,8.6,7.6,18.4,37860,889.63,1
PA,42,42037,COLUMBIA,"Columbia County, Pennsylvania",RSV,2025-2026,2025,451.3,293.0,,,,,,,,,,134.36,41.3,19.94,2.36,59457,14.34,4.76,0.33,17.07,6.89,2.35,78.9,36.0,11.1,8.5,8.0,16.4,64924,483.222,1
PA,42,42039,CRAWFORD,"Crawford County, Pennsylvania",RSV,2025-2026,2025,323.1,271.0,,,,,,,,,,82.85,43.6,21.56,2.42,58734,12.17,5.64,0.64,14.46,5.82,1.27,79.1,37.4,12.2,9.6,8.7,19.5,83876,1012.355,1
PA,42,42041,CUMBERLAND,"Cumberland County, Pennsylvania",RSV,2025-2026,2025,195.6,511.0,,,,,,,,,,478.97,40.3,18.66,2.38,82849,7.35,3.68,0.43,26.93,15.35,6.69,78.6,32.8,10.2,6.9,6.7,14.1,261269,545.482,0
PA,42,42043,DAUPHIN,"Dauphin County, Pennsylvania",RSV,2025-2026,2025,245.0,701.0,,,,,,,,,,545.1,39.4,17.45,2.37,71046,11.97,4.32,1.5,23.08,33.48,8.68,79.3,34.1,12.2,7.9,7.5,17.1,286108,524.87,0
PA,42,42045,DELAWARE,"Delaware County, Pennsylvania",RSV,2025-2026,2025,248.0,1427.0,,,,,,,,,,3129.91,39.0,16.75,2.56,86390,9.31,6.79,7.44,27.83,34.27,10.76,79.6,30.9,10.8,5.5,6.1,12.5,575312,183.811,0
PA,42,42047,ELK,"Elk County, Pennsylvania",RSV,2025-2026,2025,93.9,29.0,,,,,,,,,,37.35,48.2,22.75,2.26,61672,8.85,6.5,0.43,13.6,3.99,0.91,79.8,38.3,12.7,10.1,9.3,17.9,30886,826.901,0
PA,42,42049,ERIE,"Erie County, Pennsylvania",RSV,2025-2026,2025,336.8,911.0,,,,,,,,,,338.58,39.9,18.75,2.35,59396,14.66,5.47,1.4,20.41,15.86,4.38,80.4,36.5,11.6,8.5,8.2,17.8,270495,798.901,1
PA,42,42051,FAYETTE,"Fayette County, Pennsylvania",RSV,2025-2026,2025,102.8,132.0,,,,,,,,,,162.4,45.2,21.84,2.25,55579,15.64,7.21,1.2,13.74,9.52,1.6,80.6,34.7,13.2,10.7,9.0,20.7,128417,790.758,0
PA,42,42053,FOREST,"Forest County, Pennsylvania",RSV,2025-2026,2025,100.6,7.0,,,,,,,,,,16.29,46.2,22.89,2.49,46188,12.66,4.29,0.0,9.51,28.41,3.25,77.6,39.7,13.6,10.0,9.3,21.8,6959,427.259,0
PA,42,42055,FRANKLIN,"Franklin County, Pennsylvania",RSV,2025-2026,2025,246.7,385.0,,,,,,,,,,202.1,42.2,19.8,2.46,71808,8.88,3.42,0.22,16.21,10.64,3.71,78.6,38.9,11.5,8.3,7.8,18.5,156084,772.299,0
PA,42,42057,FULTON,"Fulton County, Pennsylvania",RSV,2025-2026,2025,405.6,59.0,,,,,,,,,,33.24,45.7,21.84,2.37,63153,10.66,3.7,0.25,11.86,5.25,0.78,79.1,35.6,11.6,8.6,8.4,17.2,14545,437.551,1
PA,42,42059,GREENE,"Greene County, Pennsylvania",RSV,2025-2026,2025,75.5,27.0,,,,,,,,,,62.13,43.1,19.72,2.33,66283,11.76,5.17,0.24,15.07,7.53,0.68,78.8,35.6,12.0,9.6,8.7,18.7,35781,575.932,0
PA,42,42061,HUNTINGDON,"Huntingdon County, Pennsylvania",RSV,2025-2026,2025,158.6,70.0,,,,,,,,,,50.45,43.6,21.17,2.48,61300,10.02,5.09,0.12,13.09,9.46,1.02,78.4,35.0,11.5,8.4,8.1,18.8,44123,874.592,0
PA,42,42063,INDIANA,"Indiana County, Pennsylvania",RSV,2025-2026,2025,63.6,53.0,,,,,,,,,,100.79,39.6,19.74,2.41,57170,12.11,6.46,0.24,17.09,6.89,1.82,79.5,37.7,10.9,8.2,7.9,15.4,83394,827.405,0
PA,42,42065,JEFFERSON,"Jefferson County, Pennsylvania",RSV,2025-2026,2025,67.7,30.0,,,,,,,,,,67.94,43.7,21.33,2.42,56607,13.84,5.37,0.59,12.1,3.18,0.45,78.5,35.7,12.6,10.2,9.3,20.2,44326,652.439,0
PA,42,42067,JUNIATA,"Juniata County, Pennsylvania",RSV,2025-2026,2025,242.2,57.0,,,,,,,,,,60.13,42.7,20.56,2.63,61915,8.85,3.13,0.13,10.05,5.86,2.5,78.5,36.0,12.3,9.6,8.8,18.8,23535,391.391,0
PA,42,42069,LACKAWANNA,"Lackawanna County, Pennsylvania",RSV,2025-2026,2025,428.9,925.0,,,,,,,,,,469.99,41.9,20.01,2.36,63739,12.52,4.82,0.97,21.07,14.74,5.76,78.9,32.8,11.5,8.1,7.7,16.5,215672,458.886,1
PA,42,42071,LANCASTER,"Lancaster County, Pennsylvania",RSV,2025-2026,2025,275.5,1524.0,,,,,,,,,,586.07,39.0,18.81,2.58,81458,7.99,3.38,0.81,20.68,15.58,5.5,77.9,35.1,10.6,7.3,7.4,15.2,553202,943.924,0
PA,42,42073,LAWRENCE,"Lawrence County, Pennsylvania",RSV,2025-2026,2025,178.1,153.0,,,,,,,,,,240.38,45.0,22.53,2.33,57585,12.02,6.78,0.56,15.85,8.69,1.41,80.3,35.5,12.5,9.2,8.8,17.7,85907,357.373,0
PA,42,42075,LEBANON,"Lebanon County, Pennsylvania",RSV,2025-2026,2025,429.3,615.0,,,,,,,,,,395.92,41.3,19.85,2.53,72532,10.62,4.4,0.64,15.71,16.82,4.26,79.1,36.8,11.5,7.7,7.8,15.2,143258,361.835,1
PA,42,42077,LEHIGH,"Lehigh County, Pennsylvania",RSV,2025-2026,2025,314.6,1177.0,,,,,,,,,,1083.31,38.9,16.94,2.57,74973,11.65,5.77,1.6,22.06,30.5,12.91,78.1,34.0,11.6,7.2,7.0,16.0,374110,345.341,0
PA,42,42079,LUZERNE,"Luzerne County, Pennsylvania",RSV,2025-2026,2025,434.2,1413.0,,,,,,,,,,365.66,42.2,19.84,2.37,60836,14.39,5.86,0.8,17.44,19.42,8.3,78.9,38.2,12.0,8.5,8.0,17.5,325396,889.876,1
PA,42,42081,LYCOMING,"Lycoming County, Pennsylvania",RSV,2025-2026,2025,316.6,361.0,,,,,,,,,,92.78,41.4,19.96,2.36,63437,11.77,5.31,0.99,17.13,10.25,2.03,79.3,35.5,11.4,8.5,8.0,16.5,114022,1228.92,1
PA,42,42083,MCKEAN,"McKean County, Pennsylvania",RSV,2025-2026,2025,215.0,87.0,,,,,,,,,,41.3,43.8,20.02,2.37,57861,13.21,5.28,0.47,13.89,6.06,1.81,79.6,35.9,11.8,8.8,8.4,16.0,40459,979.694,0
PA,42,42085,MERCER,"Mercer County, Pennsylvania",RSV,2025-2026,2025,208.0,230.0,,,,,,,,,,164.45,45.0,22.4,2.26,57353,12.67,5.48,0.18,17.2,10.59,1.64,80.3,34.8,11.6,8.8,8.4,16.8,110600,672.538,0
PA,42,42087,MIFFLIN,"Mifflin County, Pennsylvania",RSV,2025-2026,2025,296.9,137.0,,,,,,,,,,112.27,43.3,21.63,2.44,58012,16.41,3.91,0.2,9.23,5.2,0.78,79.5,38.3,13.0,10.3,9.3,20.8,46146,411.037,0
PA,42,42089,MONROE,"Monroe County, Pennsylvania",RSV,2025-2026,2025,250.4,421.0,,,,,,,,,,276.36,43.5,18.27,2.8,80656,11.13,6.31,3.49,18.77,30.57,10.22,80.2,37.5,12.6,7.5,7.4,15.8,168128,608.356,0
PA,42,42091,MONTGOMERY,"Montgomery County, Pennsylvania",RSV,2025-2026,2025,169.5,1452.0,,,,,,,,,,1773.19,41.2,18.15,2.53,107441,6.11,4.53,3.37,36.23,24.08,10.94,78.2,31.5,10.3,6.6,6.7,12.5,856399,482.971,0
PA,42,42093,MONTOUR,"Montour County, Pennsylvania",RSV,2025-2026,2025,534.0,97.0,,,,,,,,,,139.38,43.2,20.99,2.28,72626,8.31,2.4,0.09,26.63,8.6,5.06,78.8,35.3,12.0,8.9,8.4,16.8,18165,130.331,1
PA,42,42095,NORTHAMPTON,"Northampton County, Pennsylvania",RSV,2025-2026,2025,199.8,628.0,,,,,,,,,,849.94,41.9,19.54,2.51,82201,8.83,4.65,1.29,23.0,21.09,8.25,77.7,33.0,10.9,6.9,7.1,14.6,314299,369.788,0
PA,42,42097,NORTHUMBERLAND,"Northumberland County, Pennsylvania",RSV,2025-2026,2025,464.2,424.0,,,,,,,,,,199.57,44.5,21.6,2.32,55952,11.9,4.74,0.38,13.53,7.96,1.23,79.2,37.9,12.5,9.7,8.8,19.2,91340,457.678,1
PA,42,42099,PERRY,"Perry County, Pennsylvania",RSV,2025-2026,2025,143.7,66.0,,,,,,,,,,83.31,43.7,19.37,2.51,76103,8.08,3.39,0.19,13.15,4.87,1.21,78.0,35.1,11.2,8.7,8.1,17.8,45941,551.449,0
PA,42,42101,PHILADELPHIA,"Philadelphia County, Pennsylvania",RSV,2025-2026,2025,250.5,3991.0,,,,,,,,,,11858.11,34.8,14.01,2.34,57537,22.08,8.65,19.8,22.99,62.91,14.61,78.8,34.2,14.6,8.3,7.1,18.4,1593208,134.356,0
PA,42,42103,PIKE,"Pike County, Pennsylvania",RSV,2025-2026,2025,194.9,115.0,,,,,,,,,,108.27,48.9,22.99,2.47,76416,9.92,8.5,1.76,20.63,17.71,7.49,80.3,34.0,12.4,7.7,8.2,14.6,58996,544.895,0
PA,42,42105,POTTER,"Potter County, Pennsylvania",RSV,2025-2026,2025,524.7,86.0,,,,,,,,,,15.16,48.1,24.87,2.45,56491,12.05,4.84,0.21,12.15,3.7,1.31,80.3,38.1,13.2,9.7,9.4,18.2,16390,1081.249,1
PA,42,42107,SCHUYLKILL,"Schuylkill County, Pennsylvania",RSV,2025-2026,2025,236.0,338.0,,,,,,,,,,183.93,44.2,20.65,2.39,63574,11.75,5.31,0.43,13.47,9.14,2.21,78.4,39.0,12.5,9.8,8.7,19.9,143201,778.579,0
PA,42,42109,SNYDER,"Snyder County, Pennsylvania",RSV,2025-2026,2025,306.6,122.0,,,,,,,,,,121.04,40.0,19.83,2.57,65914,7.79,2.18,0.3,14.03,4.54,1.12,78.7,35.5,11.3,8.4,7.9,15.3,39797,328.784,0
PA,42,42111,SOMERSET,"Somerset County, Pennsylvania",RSV,2025-2026,2025,130.1,96.0,,,,,,,,,,68.65,46.7,23.08,2.4,57357,10.18,5.19,0.12,12.89,5.33,1.04,79.3,36.5,12.1,9.0,8.7,18.6,73802,1075.047,0
PA,42,42113,SULLIVAN,"Sullivan County, Pennsylvania",RSV,2025-2026,2025,680.3,40.0,,,,,,,,,,13.07,55.0,29.29,2.24,62910,11.72,5.52,0.08,15.61,5.71,1.72,80.1,36.8,14.9,11.9,10.9,21.1,5880,449.939,1
PA,42,42115,SUSQUEHANNA,"Susquehanna County, Pennsylvania",RSV,2025-2026,2025,251.7,97.0,,,,,,,,,,46.8,48.5,24.17,2.44,63968,11.04,5.8,0.43,14.78,3.65,1.77,79.9,32.9,11.4,7.5,8.4,14.3,38540,823.496,0
PA,42,42117,TIOGA,"Tioga County, Pennsylvania",RSV,2025-2026,2025,852.2,351.0,,,,,,,,,,36.32,45.0,22.63,2.44,59707,11.96,4.51,0.5,15.26,3.73,1.46,79.5,38.5,12.8,10.3,9.4,18.6,41186,1133.892,1
PA,42,42119,UNION,"Union County, Pennsylvania",RSV,2025-2026,2025,226.1,97.0,,,,,,,,,,135.8,39.7,18.97,2.41,64914,8.7,3.46,0.27,16.96,11.2,3.08,76.6,33.7,10.7,8.3,7.7,17.5,42908,315.955,0
PA,42,42121,VENANGO,"Venango County, Pennsylvania",RSV,2025-2026,2025,146.6,74.0,,,,,,,,,,74.86,47.6,23.7,2.31,59278,13.11,6.67,0.49,14.39,5.02,0.78,80.4,35.8,13.3,10.3,9.6,18.1,50475,674.265,0
PA,42,42123,WARREN,"Warren County, Pennsylvania",RSV,2025-2026,2025,184.5,71.0,,,,,,,,,,43.53,47.4,23.75,2.34,57925,11.4,4.33,0.61,13.95,4.73,1.4,79.8,34.5,12.5,9.7,9.2,18.5,38492,884.282,0
PA,42,42125,WASHINGTON,"Washington County, Pennsylvania",RSV,2025-2026,2025,105.9,222.0,,,,,,,,,,244.61,44.2,21.2,2.34,74403,9.25,5.02,0.98,23.37,8.61,2.06,80.0,38.0,11.2,8.1,7.9,16.6,209631,857.01,0
PA,42,42127,WAYNE,"Wayne County, Pennsylvania",RSV,2025-2026,2025,333.8,171.0,,,,,,,,,,70.58,48.8,24.61,2.43,59240,10.29,5.91,0.37,15.99,8.75,3.79,79.5,35.2,13.5,10.3,9.8,18.9,51227,725.769,1
PA,42,42129,WESTMORELAND,"Westmoreland County, Pennsylvania",RSV,2025-2026,2025,102.7,364.0,,,,,,,,,,344.86,47.2,23.38,2.26,69454,9.53,4.96,0.82,23.2,6.96,1.66,81.3,31.2,10.6,7.0,7.5,13.4,354414,1027.712,0
PA,42,42131,WYOMING,"Wyoming County, Pennsylvania",RSV,2025-2026,2025,366.1,96.0,,,,,,,,,,66.0,45.3,21.93,2.36,67968,10.87,4.46,0.18,15.48,4.88,1.47,78.4,35.7,12.4,10.4,9.1,19.2,26219,397.25,1
PA,42,42133,YORK,"York County, Pennsylvania",RSV,2025-2026,2025,225.6,1031.0,,,,,,,,,,505.38,41.0,18.17,2.51,79183,8.43,4.6,0.72,18.43,15.35,4.35,78.5,34.8,10.3,6.5,6.8,15.7,457051,904.366,0
